time,scramble
17.20,B' D2 L' D2 F2 U' B2 R' U2 F' R2 F' D2 R2 B R2 L2 B2 R2 B Fw' 
15.26,B2 L' F2 U2 R D2 L' B2 L U2 L' F2 D' L' F U' B F2 R2 U' F2 Fw Uw2 
16.18,F' U2 F' D2 U2 B' D2 U2 R2 B L' U B2 R F D2 U L D U Rw2 Uw2 
17.61,U R D2 B' U D2 F D' R' U2 L2 F2 D2 B2 R' U2 R' B2 D2 L' Fw' Uw2 
17.44,B D2 R' F2 L U' L' F' R2 L' F2 R B2 R U2 D2 B2 R U2 D' 
DNF(1.65),R2 B2 D F2 R2 D' B2 U2 L2 U' L B2 F R' D2 B' F D U2 R2 Rw2 Uw 
DNF(16.79),U F' R' U' B R U' D' F' R F2 L2 B2 L U2 L B2 D2 B2 Rw' 
16.52,U D R L2 U R' L F2 U2 B' L2 B D2 B U2 F D2 F' D' Rw2 Uw 
19.60,L2 F2 L2 D R2 U F2 L2 B2 U' R2 U' R' B' L2 B D2 U' F2 D F Rw' 
DNF(1.87),L2 D2 U F2 L2 F D2 B2 D2 B' D2 U2 R' B U L2 B' F L' R2 Rw2 Uw2 
18.46,F2 U' F2 U R2 F2 D2 F2 D' L2 D' B D' U2 B2 U F' L' R2 B2 R2 Rw Uw' 
15.63,L' F2 R U2 L' F2 R F2 R2 B2 D2 R2 B' L F' R' D U2 L B' R' Fw' Uw' 
13.65,D L2 B2 D2 R2 F2 R F' L2 F2 U' B2 L2 D R2 U' B2 L2 U' L2 Rw2 Uw 
DNF(14.21),U' F R' D R2 F2 U L2 R2 U2 R2 U B' R2 U2 L F' R' B Fw 
DNF(16.23),L U2 F B2 U' L2 R2 F2 D' F2 R2 U B2 U' R' B' L2 U' F2 D F Rw Uw 
14.34,B2 D B2 U' B2 D L2 B2 U' R2 U2 L' F' R2 U L2 U2 L B' R F' Fw Uw' 
DNF(0.08),D' B2 D' R2 U L2 F2 D' F2 U' F2 L D U B' L2 F2 D2 R B D Rw' Uw' 
DNF(0.08),B R2 D2 L2 U2 B F D2 F' L2 D' R' U2 L F' U' B2 R F' R Fw 
16.88,U L2 U2 F L2 B2 F' R2 U2 B U2 B' L' D R2 U F2 D' B2 D2 Uw' 
15.50,B R2 U2 B2 F' R2 U2 B F2 L2 U2 F2 D' R' D U L' F2 L U' F Rw2 Uw' 
DNF(19.09),F D F2 U B2 R2 F2 R2 D2 R2 U' L F L' R' B' U L2 R' U2 Rw2 
DNF(0.08),D R' F L2 R2 B2 U B2 U' R2 B2 R2 U2 B R F L2 D2 U L Rw Uw' 
15.91,U L' R2 B2 F2 D B2 L2 D2 L2 D L2 U L D2 R F L2 D U2 B2 Rw2 Uw2 
DNF(0.08),D2 R2 F2 U' B2 U2 B2 R2 D' F2 R2 D L B R' B2 L' F2 D U2 L Fw' 
DNF(0.03),B D2 B2 R2 B2 F2 U B2 D' B2 U F2 R' B2 F' D' L F U F2 D' Fw Uw2 
DNF(0.09),D2 R2 U2 B U2 R2 U2 F2 U2 F' U2 D' B R' D2 B2 U2 B' R2 B' Fw Uw2 
DNF(0.08),R' U R2 L F D F2 R F2 D2 F U2 B' L2 D2 L2 D2 B2 R2 D Rw Uw2 
DNF(14.93),L2 D' R2 B R2 F' D2 F L2 D2 L2 B' D2 F' R' U' L2 R2 B L' Rw2 Uw' 
DNF(0.08),F L2 U2 R2 U2 F' R2 F' D2 R2 D F2 U B2 F' U R U' B' Rw' Uw 
15.34,U B2 U2 F2 R2 U' R2 U2 R2 F2 D' R2 F' D2 R U' B' L2 B2 D F Fw Uw' 
18.02,D' U2 F2 L2 U F2 U' L2 B2 D' F2 U2 L U' F D B' R2 F2 D' Fw' 
DNF(0.08),F U2 B2 L2 U' L2 R2 D B2 R2 U' B2 F' U F' L2 F R' U' B R2 Rw' Uw' 
12.53,L F D2 U L2 U2 L2 F2 R2 D' F2 L2 F L2 D2 U2 R' B F2 Rw' Uw' 
DNF(0.08),F2 U' R2 U2 L2 B2 U L2 D' U' R U' B U' L' D2 B U L F' Rw' Uw' 
16.91,B' L R2 D' F2 D' R2 D2 L2 D B2 D B2 L2 F' R' D R2 D2 B L' Fw Uw' 
DNF(15.93),U' B U' F' R' U' L U R U' L2 F2 D' B2 L2 D B2 R2 D2 F2 L2 Uw 
15.14,L2 F D' B' U R' D' F2 R' D2 F2 D2 F2 R2 U' B2 D' F2 U' R2 Fw Uw 
DNF(14.19),D B2 R' D' L B D2 F U R2 L' B2 U2 R2 L' F2 B2 D2 R' U2 Fw' Uw 
DNF(0.07),L' B2 D2 B2 L2 U' B2 D L2 U' L2 B U' L U' R' B' L D2 B Fw Uw 
13.03,R2 U2 B D2 F U2 R2 U2 R2 F U' L' B' R2 B' L2 B R' D F2 Rw' Uw 
14.63,R D' L2 F2 U2 R2 D' R2 B2 U F2 D' L' R' B R' B2 F L D2 B2 Fw' Uw2 
16.67,D F' B U B2 R2 L' U B' R2 D' L2 U' F2 U B2 R2 D B2 U L2 
DNF(0.08),D R2 D' B2 U L2 D R2 F2 U F L U' F2 R' D' B' R2 F' Uw' 
14.26,D B' U R2 D2 F2 U' B2 R2 D' L2 D' B2 U R' B F' L' B' D B2 Fw Uw 
DNF(0.08),U F' R' D' B2 R' B R' F' R2 B2 R' F2 B2 L' U2 B2 D2 R B2 Rw' Uw 
12.52,R2 D2 F2 R2 B2 D L2 R2 D' L2 D F U2 F R' U' B2 U' R D Rw' Uw 
DNF(0.78),D' R' F2 R2 D' F2 R2 F2 U2 L2 D L2 R2 F' L' D' R F2 D F2 Fw Uw 
14.02,F2 L' F U2 R2 D2 R2 B R2 F' D2 B' D2 U' B2 R2 U R U B2 Rw' Uw' 
DNF(0.08),B2 U R' D L D2 R' L2 U L2 F' D2 B2 R2 B R2 U2 D2 B U2 Fw' Uw2 
18.33,U F' U2 F2 R' U2 R' B2 R D2 F2 L F2 U' R' U2 R2 F R B' Rw2 
DNF(0.03),B2 D L2 D2 B2 R B' L R2 D2 B2 L2 B' D2 R2 F U2 L2 F' U' R' Rw Uw' 
DNF(0.03),D B2 U2 L2 U' F2 U L2 B2 R' U F2 L B R2 U' F' R2 U2 Rw Uw' 
15.42,R2 F2 U2 R B2 F2 D2 R U2 L' B2 R B' F' U B' F2 D2 R B D' Fw' 
20.46,D F L' B2 D2 L2 B' U' R2 F' U2 B D2 B' R2 L2 D2 L2 F' D2 Rw' Uw 
DNF(16.10),L' D F' L' U' B2 L2 B' R' U2 D2 B2 L' B2 R2 F2 U2 B2 R2 Rw' Uw 
17.54,D2 F R L' F2 B' D' L2 B2 D2 B2 D2 L2 D2 F U2 D2 L2 B' U' Rw2 Uw 
16.65,U2 F2 D' F B2 L2 U R B2 U R2 D L2 U' R2 F2 R2 F2 R' Fw Uw' 
DNF(0.78),F' R2 B2 F D2 L2 F D2 U2 B L2 F' L D' L' R' F2 U2 B U2 Rw 
28.17,R' U2 B2 R B2 U2 R' D2 R2 D2 F2 B L2 B D' U' F U2 B2 R D' Fw' Uw' 
16.62,B' F2 L2 B U2 B' R2 D2 R2 U2 D' F' R B2 U2 R D' B' F' U' Rw' Uw2 
14.70,B' L' B D F' D F' U2 B2 R2 U' F2 U' B2 D' F2 U L2 U' R Fw' 
14.88,U2 B L F' B' U' B R2 D B2 L F2 L2 D2 R D2 L' D2 R2 U2 F2 Fw Uw2 
13.17,D' R2 B R2 B U' L' F D R2 D F2 R2 F2 U' F2 D' F2 R2 U' Rw2 Uw2 
DNF(0.18),F L2 B2 L2 D' F2 D2 F2 U2 F2 L2 D L B2 F U' L B D' L2 F Fw' Uw2 
17.12,D F' D R2 B' L D B' U L' U2 F2 B2 R U2 D2 F2 U2 D2 R' U2 Uw' 
18.24,R2 B U F2 U' F2 L2 D L2 D2 L2 F2 D L F U' R' D' U' B' U Rw' Uw2 
16.60,B R' F2 R2 B2 U2 B R' L2 B2 U' F2 U2 B2 D B2 D F2 R2 U' L' Rw2 
19.74,R' D F2 U' L2 D L2 B2 D' B2 D2 F2 L B' R' U' L U' B2 R' Rw 
DNF(0.07),U' L2 D B2 D2 B2 L2 D F2 L2 D' R U2 B R' F2 D' L2 R' B D Rw' Uw' 
21.82,R' L' U2 L' F' D2 F D2 F2 L2 U2 L2 U' B2 D B2 D' L2 U B 
DNF(16.52),U R D F U2 L F D' F' L2 U2 B' U2 R2 B2 R2 D2 B L Fw Uw' 
16.82,B2 U' R2 D2 L2 U L2 U L2 R2 D' B' F' R' F U B' L' U B' Rw' Uw' 
15.44,D2 F U B2 U B2 F2 R2 U' B2 U2 B' R F L2 R D' U2 Rw 
18.07,B2 L2 B2 D2 B' R2 U2 B L' D R' U L2 U R' B U' F' Rw2 
22.63,D F' R2 B2 R2 U2 F U2 B R2 F U2 R2 D R D R' B2 L D Rw Uw 
15.89,R' B2 D F2 U' R2 B2 L2 D B2 D B2 D B L F2 D U2 B U' L' Rw' Uw 
24.07,F' R' B' F2 U2 L B2 U2 F2 D2 L D2 R2 U' R' D' F' L U B2 Fw Uw 
12.27,D B' D2 F' U2 F U2 B L2 U2 L2 R' B' U F D' R F2 R Rw2 Uw2 
13.75,F' R' B' L D2 R2 B2 R' F2 L' D2 L F2 R' U' B' U2 F' D U2 F Fw Uw' 
16.98,U' R' B2 L' F2 D2 R' B2 U2 B2 R2 F' D2 B D' B2 U' L D' L2 Uw' 
18.47,D' L D2 F2 L2 R' D2 R' D2 R' D2 B2 D' F' D2 B' U B2 L' D2 F Fw' Uw2 
20.17,U2 B2 U2 L U2 R' D2 R U2 B2 L' F2 B L' F D' U R2 F R B2 Rw 
14.31,B' U' R2 F2 U B2 F2 D B2 U' B2 L2 U2 L B R F R B Rw' 
13.85,B' U L F2 R2 D F2 D' B2 L2 F2 U R2 D2 B U' L R2 D B R2 Uw 
24.68,U2 R' U' D' B U L F2 U2 R2 F2 U2 F' U2 F' U2 D2 B L' U2 Fw Uw2 
DNF(18.50),B2 D B2 U2 R2 U' B2 F2 L2 U R D' R2 F R' D2 B' R' B' U Uw' 
DNF(15.30),R2 U2 B L2 U2 B' F2 R2 U2 B' F' L B2 F D L' U' B L2 F2 U2 Rw' Uw 
15.29,D' B2 F2 D2 L2 U F2 U' F2 U R2 L' B F2 U B' R' B D F2 Fw Uw' 
14.84,B R2 B' L2 R2 B2 U2 F2 U2 D L B D F' L F D R Rw Uw2 
16.01,L' F' U2 R2 U' F L U R2 B2 U2 R' B2 R' U2 B2 D2 B2 D2 R' Rw Uw' 
17.30,F' R2 U2 B' D2 B' D2 L2 B U2 F R2 U' B' R' U' L2 D L' B2 F2 Rw Uw' 
14.64,D U2 R2 B2 U' B2 L2 B2 F2 U' R2 U2 R' F' L' B' D R F D2 L Fw' Uw2 
17.00,R B' L2 D2 U' L2 U' R2 U' F2 L2 D2 R2 U R' B L2 U L D' R2 Rw2 
16.82,B U R' U2 D2 R F' D L U2 R2 F D2 F2 R2 B R2 U2 F' D2 F2 Rw2 Uw2 
15.17,R' U F' L F2 U' R2 U' R U2 F2 L2 U2 R U2 B2 R' F2 U2 D2 F' Fw Uw2 
DNF(0.08),B2 L' D2 U2 R' F2 L B2 L' U2 L' U2 F' D B R2 D2 L' B' F2 D' Rw2 Uw2 
DNF(0.08),U2 R F R2 L U R F B' L2 U F2 R2 U' R2 U2 B2 U F2 B2 R2 Rw Uw' 
19.24,D L' F2 U' L2 B2 D L2 U' B2 D2 L2 B2 D2 L' U B2 F' R' D2 B' Rw2 Uw' 
16.49,U F2 U R2 D' L2 B2 L2 F2 U' R2 F' L2 F R U' L' B F D Rw2 Uw 
DNF(0.08),L D R D' L2 B U' R' D' R2 L2 F2 D2 F' L2 F2 D2 F R2 B2 R2 Rw2 Uw 
17.86,D B2 L2 D B2 F2 R2 D L2 R2 F2 B L' R B R' F2 D2 R2 F2 U' Rw' 
DNF(21.98),L' B2 R2 D B2 D L2 D' R2 U' L2 D2 L' F2 D2 L' B' R' F D2 Fw' Uw2 
DNF(0.07),B' D2 U2 F' R2 D2 U2 B' R2 B2 R2 U L' U R B U2 R' D' B2 Rw2 Uw2 
17.77,L B R' B2 D' F' D U2 L2 D2 R' F2 D2 R' U2 L2 U2 B2 L2 Fw Uw2 
DNF(17.56),U2 R' D2 L' U2 D' F' D2 L F2 L2 F L2 D2 R2 F' R2 F2 U2 B' U2 Rw Uw' 
DNF(0.08),F2 R2 U2 B2 F2 D' B2 U F2 U' L F' L' U' R B U2 L2 F2 L2 
18.48,B2 D R U2 F2 U2 L2 D2 L' U2 R2 B2 R2 F L U L' B2 L U2 Rw2 
17.93,L' U F U L2 D' R2 F U' R D2 F2 R' B2 L D2 F2 R B2 R F2 Fw 
17.04,D2 L2 R2 B U2 B' L2 B' U2 F2 R' D' F' U' B R' U' L2 B2 Rw Uw2 
15.63,R2 L' U' D B R' U2 D' R' F2 L2 F' L2 U2 F2 U2 B' R2 F2 Rw' Uw 
19.77,U D2 R' B' R2 L D F' L' B D2 F2 U2 D' B2 U B2 R2 U2 Fw' 
DNF(19.20),R' U2 F L2 U2 R2 D2 B' R2 B' R2 F2 D' R' U B L2 D' R B Rw Uw' 
14.85,F' D B2 U' L2 R2 U' L2 B2 D2 B2 D' L' D L2 R' F U' B2 D F2 Fw 
DNF(14.86),B2 R' D2 U2 B2 R' F2 D2 L' B2 R2 B D' B F D2 R' U' L' R2 Fw' Uw 
16.41,B2 R2 D B2 R2 U L2 R2 U' F2 L' U B2 R F U2 R Uw 
DNF(16.31),R F' R2 B D2 B D2 F R2 F2 L2 B2 U L2 F R D' U2 B2 U Rw Uw' 
18.00,B2 R' B2 R' F2 L' B2 L' D2 L F2 R F D L' B2 F L2 B2 U' Fw' Uw 
14.92,R' D R U2 L2 F2 U2 L2 F2 D2 L B2 R' D2 F' U F' U2 B L' R2 Rw' Uw2 
13.83,R' B' R2 B2 F U2 B2 U2 R2 D2 F D2 B2 U F D' B' L' R' F' R2 Rw' Uw 
DNF(20.39),R2 D2 F' R2 U' R2 D F2 R2 U' B2 U' B2 R U2 B2 D L' B' R' Rw' Uw2 
15.39+,L B' R F R U' L' D' L' F R' B2 R U2 B2 D2 B2 U2 R2 B2 Fw' Uw' 
14.64,B R U L' B' R U2 D2 B R L2 U2 L2 F2 U2 D F2 B2 D' F2 D Uw' 
16.73,B L2 U' L2 F' L' D' R L2 U D' L2 U' R2 F2 U2 B2 R2 D2 F' Rw' Uw 
DNF(18.44),L' U' B L' F' U' B' U' R B2 U R2 F2 B2 D R2 D B2 U' D2 Uw 
16.58,B' U2 L2 B2 D F2 D' U' R2 U' B2 U' B L2 R B' U2 L' D' Rw' 
DNF(2.11),U' L' R2 U2 F2 R B2 F2 R' B2 R' D2 B2 D B D2 U F' L2 B' R2 Fw Uw2 
16.27+,U F2 U' F D2 R' D2 B' U B2 U2 D F2 D2 B2 R2 B2 U L2 B2 L' Rw2 
DNF(0.03),F' B U' R D' L U' L2 B' L F2 L D2 F2 U2 B2 R2 D2 L' B2 R Fw' 
18.64,L' F2 L' U D2 B' U' L' U' F L2 D2 R2 F' U2 B' L2 B U2 B2 Rw 
DNF(16.29),U D2 B' R' L2 F B' L B U2 F2 R2 F2 B2 D' R2 L2 F2 R2 F2 D2 Fw' 
18.00,L F2 L2 F2 D R2 B2 F2 U L2 D' R2 U' F' L' R2 B' R2 D B' D Rw' 
17.92,D2 U2 R F2 D2 R' B2 U2 B2 R B D F2 L R D F' L' F L' Fw' 
DNF(1.63),R2 F2 U R2 D' L2 F2 D L2 D2 R B F L2 U L U2 F' U B2 Rw2 Uw2 
DNF(15.83),R2 D' B' U' R2 B U L' F2 B2 L' U2 L B2 U2 F2 D2 L2 F' L Rw2 
DNF(18.03),L D2 L B2 F2 R' F2 U2 L D2 L2 D' L D R' F L D' F' D Uw' 
18.64,F' L2 F2 L2 F' D2 U2 R2 U2 B F' D L' B D2 R F' L F D2 Fw' Uw2 
DNF(1:32.12),U B2 D' L2 B L2 D2 L2 F2 D2 L' R B' L' U' F L Fw Uw 
13.94,F2 L2 R2 F2 D2 R2 D' L2 F2 U F D' R2 U F2 R U R U Rw2 Uw 
DNF(1.71),R2 F' R' U2 L2 U F2 R2 U B2 F2 L2 U B' F' D L' U B2 R Fw Uw2 
17.63,D R' B' U2 B2 F R2 F L2 D2 B' U2 R2 U' F L F' L' B2 L2 Rw2 
14.29,F' B R2 D B R' L2 D' R' F2 R2 F' U2 D2 B' R2 B2 L2 Rw' Uw 
18.21,R2 U B' R' F2 R2 F2 U2 R' U2 B2 U2 R' D' L' B' U L R U2 Rw' Uw 
16.66,L2 B' L2 B' R2 F' L2 B D2 R2 F L2 D R B' D F L B2 U2 Rw2 Uw' 
17.03,F2 U2 F' U' B2 F2 U2 L2 U L2 U' F2 D R2 L F R B' D B' U2 Uw' 
17.27,B L' F R2 D2 F U2 F D2 B2 F' L2 F2 D R F2 U B2 D L Fw Uw2 
DNF(20.15),R' U2 D' F' R F' D B' R' F2 R2 B2 U' B2 U2 B2 D' B2 D' R2 U2 Rw' 
19.71,U2 L B2 R2 F2 U2 F2 U2 L B2 U2 L' F R D L F2 R' D' L U2 Fw' Uw 
DNF(17.11),D2 L2 U R2 U' R2 U2 B2 D2 U' R2 L D' U' L R B F' L' F' U Rw Uw2 
DNF(0.03),U B2 U B2 U2 F2 D' B2 D R2 U2 F' R' F2 D' L2 U2 B' D' L' U' Uw2 
DNF(0.03),F' U B2 D2 B2 U2 L2 F2 D F2 D' F2 R2 B' D L R' U L' D' L Rw' Uw' 
DNF(16.18),F' L' D2 U2 B' D2 B2 U2 L2 R2 F U2 B' U' R' F D R2 U B U2 Uw2 
20.45,U D' L2 D2 F B' D' L' D2 R2 F2 U R2 U' R2 U' F2 D2 Fw Uw' 
17.51,B' D' L' F B' R U D2 B' D2 F2 U2 R U2 L' D2 R' B2 R L2 B2 Rw' Uw 
17.97,D2 F2 L2 R2 U L2 U L2 R2 B D F2 R' B2 L2 U' F' L Uw' 
16.88,B2 U' R' D' B' U R' B2 D' U2 B2 U2 R' D2 F2 R' U2 F2 R L2 Fw Uw2 
14.40,B2 U2 B R2 F' R2 U2 F2 L2 U2 B2 D' L2 F2 L' D F' U2 L' U R Uw2 
DNF(16.03),U' L2 D L2 D B2 D' U' B2 R2 L U' F D' B' D F' D2 L' R Rw2 Uw2 
DNF(15.12),R2 F2 D2 L2 U2 R2 U2 F' U2 B' R F' D' R' U' F L2 F2 Fw 
DNF(17.08),U' L2 R2 U B2 F2 U2 L2 B2 L2 R2 D L F' D U2 B L2 F2 L2 F2 Rw Uw' 
DNF(0.21),U' R2 B' D2 F L2 D2 B2 U2 F2 R2 L' D R2 B R' D U F' D2 Fw' Uw2 
14.36,F2 R' F2 D' F2 D2 L2 R2 F2 U2 R2 U R2 L' B D F' D2 L2 F2 D Rw Uw' 
16.22,D' L2 U F2 D' L2 D' R2 F2 D2 B2 R D2 L' B D2 U2 R' U2 B2 R Rw Uw' 
14.55,B2 L2 R2 U' L2 B2 F2 U' B2 R2 B2 L U B U2 L2 B U' F' D' B Rw Uw' 
DNF(6.16),R' L B' U2 F L2 D B2 L B2 D2 F2 B2 L D2 R2 D2 B2 D' Rw Uw2 
DNF(0.09),R2 D2 B2 D2 R2 D2 U2 F' D2 R2 U2 F' D' B' U L' U' F D2 L' U2 Uw' 
14.95,F2 R F' L2 B U2 F2 D R' F2 B2 L' U2 R D2 L U2 F2 U2 F' Fw' Uw 
DNF(0.08),L U' D2 R2 F L2 U2 L2 B F U2 L2 U L F' D' F R2 B Rw Uw 
DNF(0.08),D R' U R2 B2 D2 B2 D' B2 U' F2 R2 L U' B' R U' B' L F' Fw' Uw 
DNF(0.03),U' R2 F U2 F2 L2 U F L' D2 B' U2 F' L2 U2 D2 F2 D2 L2 B Rw2 
15.94,F2 R2 L D2 B2 L2 F R2 D' L2 U' D' B2 L2 U' B2 U' R2 L U' Rw2 Uw2 
17.77,F' D L' B R2 U' B D L' D2 L F2 L' D2 F2 L2 U2 B2 R2 F Fw Uw2 
16.24,R' B U' D' B' U' B L2 F2 R2 B2 D2 R D2 R' D2 F2 B2 R B R2 Rw Uw 
DNF(0.08),R2 U F2 D B2 D B2 D R2 U L' B' F' R' B R2 U F2 D L Fw 
30.46,L' F2 L2 D B U L U D2 L2 D2 B2 R U2 F2 L' F2 R U2 B Fw' 
17.89,L D2 L' F' L U R' B2 L2 U L2 D' B2 U2 R2 F2 R2 B2 F D2 Rw Uw 
DNF(1.75),L' U R2 F2 R' D2 F2 R' D2 L B2 R2 D2 R' B D' L R' F' U F2 Rw2 Uw2 
19.97,L2 B U2 L B' R' B2 R' U' F R2 F U2 D2 L2 D2 B R2 L2 B' L2 Rw' 
18.46,R F' B D L U2 F' U' D2 L2 F2 R2 F' D2 B' R2 B' L2 F' R2 Rw Uw2 
15.59,L F' D2 L2 R2 D' B2 R2 D2 L2 U' L2 U' B' U' B U R D' R Rw 
20.07+,F2 L' D2 L2 B2 R' U2 R' B2 U2 F U' B2 D U' R' F' R2 U Uw 
15.51,D L2 F' R2 B2 D2 B' D2 F' L2 U2 R D' L' U B U' L' D Fw' Uw 
16.52,F2 D2 L2 D2 L' B2 L U2 B2 U2 F2 B D B L D F' R' B2 R2 Rw2 
14.97,D F' U B2 D' R2 F' U R' B2 R2 F2 B2 U2 R' L2 B2 U2 R' D Rw2 Uw' 
15.86,L F L U' D2 B R2 U' R2 L2 F U2 L2 F D2 B L' Fw 
15.41,F D R B2 D' F2 R2 B2 R2 U' L2 B2 D2 L' R2 F2 R' B' D F2 Fw' Uw2 
DNF(13.58),U' F2 D2 L2 F2 L2 D B2 R2 U' B2 L D2 U' B' L F L' D2 F2 Rw' 
13.69,D2 R U' D2 B2 U' R F2 D2 F' R2 F' L2 F L2 F2 L2 D' L2 Fw' Uw' 
17.54,B' F2 U2 B2 L2 F2 D' L2 U F2 D2 F2 D' L' F' U B F2 R D' R' 
DNF(19.53),D2 R' B' D2 B R2 B2 F L2 D2 L2 R2 F' D B' R U L' F2 U B' Rw2 Uw 
DNF(15.03),L2 R2 F2 D2 L2 U F2 U R2 U' F2 D L' D' B' U R' D2 R2 F' L Rw' Uw' 
13.61,L2 U B2 D F' B' R D' B U2 L' D2 B2 D2 L' U2 F2 L' 
14.92,R2 U' F U' D2 R D' B' D2 F2 L' B2 D2 F2 U2 L B2 L' D2 F2 B Rw Uw' 
17.26,U R F2 U2 B R2 U2 F R2 B R2 F' R' D2 U' B' L' R' F' Rw 
DNF(21.71),D' B2 U B2 R2 D2 L2 R2 B2 R2 D2 R' U B' F L' B2 D' B' L U Fw' Uw 
18.53,U B2 R2 B2 F2 U B2 R2 U' R2 D' L B' D' R' B' D' U2 L' F Fw Uw 
16.71,U2 F2 R U2 B2 R2 B2 R D2 R' D2 L2 F' D L' U' R2 U2 B2 L F Rw' Uw2 
14.12,D' B' R' F2 D' B2 D B2 U' R2 D' R2 D2 F D B' F2 L F2 U' Rw2 Uw2 
28.96,U D L D' B' D' B' D' B' D2 F2 U2 R2 F2 R2 D2 F D2 B2 D' Rw' Uw' 
16.42+,F' L D B2 D2 R2 U B2 U L2 U' R2 U2 L' B F L' B' L2 B' Rw Uw' 
15.91,F D B' D' R2 F2 R2 D' R2 D L2 U B2 D2 R' B' F2 L D U2 B2 Rw' Uw
18.80,U2 L B2 D R2 F2 U B2 D L2 B2 L2 D' F' U B F' U' F2 R 
DNF(0.03),L2 B2 U2 F2 D' B2 F2 D' L2 B2 D L F2 R' F R' D2 B L U2 Rw2 Uw 
DNF(17.77),L D' F2 D B2 U2 F2 R2 B2 D R2 D R' F L2 D B U' B F R2 Rw' 
17.02,R' U2 L U' D2 B L D B' R2 B2 L2 D2 F2 D' R2 L2 D' B2 Rw2 Uw 
15.85,D B2 F2 U2 B2 R2 U' B D2 L' D2 L' U' B U' R2 Rw' Uw 
15.67,D2 L2 R2 U' B2 F2 R2 B2 U L2 U' B' D2 R2 U L' D B2 L' B Uw 
DNF(19.82),D2 R' L2 U2 D L D' R' D F L2 B D2 F2 L2 D2 F U2 F2 D2 Rw' Uw' 
DNF(18.79),R2 D2 R2 F2 D B2 D' B2 U' B2 F2 R D' R2 F L' R' U' L2 U Fw Uw' 
13.61,R' L F2 B' U B2 L' D' R' B2 R2 L' U2 F2 B2 L F2 D Fw' Uw 
16.02,L' F2 D2 L B2 U2 B2 U2 R2 B2 R B' L U' L2 B' U F R U' Rw Uw' 
DNF(17.91),L B L2 D F2 L2 U' R2 F2 U' F2 U' R2 U B' D R F2 R' B2 R' Rw' 
DNF(19.11),R D2 F R2 F L2 D2 B2 D2 F' R2 F2 D' U F' U' L U' F U2 L Rw2 Uw 
17.38,F' R U2 L2 D2 R2 B2 U2 R F2 R' U2 F2 U' R2 B' R' D' F' D' R' Rw Uw 
DNF(18.62),D' F' U R D2 F' L2 U' L U2 R2 B' D2 B' D2 L2 B' R2 B U2 Fw' Uw 
14.59,F' D' B' L' D' L' U F B2 L' B2 R' B2 R F2 L B2 R' F2 R' B Fw' Uw 
16.13,R2 L' U F B2 R2 F R F' U2 F' L2 D2 F2 R2 F' D Fw' Uw2 
DNF(23.00),D F2 L2 F2 R2 D' U' R2 D L2 B2 R2 B' R U' L U2 F' U2 R' B2 Rw' 
14.59,D' R2 D F2 D' B2 L2 U2 B2 L2 R2 B' L D' B2 L' D' F' L2 U2 Rw 
13.23,B' D F2 U F2 L2 D' B2 U2 R2 U' L B U' R D' F' R' F' D2 Rw Uw2 
DNF(19.92),L D2 R L' U F L2 F' L B2 R2 F R2 B' R2 F2 R2 Rw2 
14.34,R2 B' R2 F' R D' L' D B' U' F2 B2 U B2 D2 R2 F2 R2 B2 D 
16.45,L F2 D2 U2 L' B2 R2 B2 R' U2 L' D' L2 B R F L B D R2 Rw Uw2 
DNF(18.23),L F' L2 F2 L2 D2 L2 F' U2 F2 D2 R2 L' F' L' D' B' R' F R2 Rw2 Uw' 
20.20,R' D F2 R2 F2 R2 D' L2 F2 D' R2 U L R F' U' L2 D' U' F' Fw Uw2 
DNF(16.38),R L B U' L D2 F' L U L U2 L' F2 U2 R' D2 B2 R2 U2 B2 Fw Uw2 
14.27,L' U2 F2 D' L2 D' R2 D F2 U' L2 F D2 B U' R' B2 D2 R' U' Fw Uw' 
14.92,D2 F2 R U2 R2 B2 D2 L' F2 U2 B2 D' B U R2 F' D B R' Rw Uw 
DNF(14.90),R F' L' B2 R2 D2 U' B2 U R2 B2 U' B2 U' B R B2 F' D L B2 Rw2 
19.28,U2 B' D2 F2 U2 L2 F L2 D2 R2 U2 D' L B F D F R' B' R2 Rw2 Uw2 
18.17,U D R' F' B' L F L B2 R' F2 B2 U2 F2 U2 R B2 U2 R' U' F' Rw 
DNF(20.71),R2 B2 D2 F' R2 F R2 B U2 F' R2 U2 D' R D' B2 R2 U2 F' R' Rw 
17.86,R2 B R2 B U2 B' L2 B R2 B2 D B' L B F' R2 D R2 F' Fw Uw 
17.15,L2 B' U2 D R F B D L U2 F2 D2 B' L2 B U2 F2 U2 R2 D2 F Rw Uw2 
DNF(20.64),D2 R2 F2 D L2 D R2 U L2 F2 U L' F D' B R2 D2 L R2 F2 U Rw2 
14.98,U' F2 L2 B2 R2 F2 D B2 F2 R2 L B R2 U2 R' U2 F' L F' D' Uw' 
24.68,U2 L2 D' F2 D2 B' R2 U R' L2 U2 L2 U2 B D2 L2 F U2 F' D2 Rw2 Uw' 
DNF(27.31),B L2 D L2 F2 L2 R2 U R2 D' F2 D2 U L F D' R2 B F L2 D' Fw Uw2 
DNF(17.79),R2 D2 L2 U' R2 U' R2 U' B2 U' B' L' R2 D R2 F2 L2 D B' F' Rw' 
18.62,F2 U' L' D2 F' D R D U2 B D2 R2 F' U2 D2 F2 D2 R2 U2 D Rw Uw 
16.71,R2 B' U2 B2 U' F' R' U2 R' B2 R U2 L' F2 R U2 R F' R2 Rw' Uw' 
DNF(17.54),U F' L2 D' B2 U' F2 D B2 U2 B2 R2 L' F' D2 L2 U' F' U L Rw' Uw 
17.37,U2 F R U' R' F2 D' F R F2 L2 D' B2 U R2 U2 R2 F2 B2 D2 Uw2 
16.75,D2 U2 B2 R2 D2 F2 R F2 R2 D2 R U' B F' U F2 D B2 L' B' U2 Fw Uw2 
14.31,R2 D2 R2 F2 D2 R2 B D2 L2 B' D U' B' D L D2 U R D' B2 Fw Uw' 
DNF(16.70),F2 U2 R' B2 D2 L' U R B U2 R2 B' L2 D2 R2 B' U2 D' Fw' 
DNF(0.08),D' R' F B' U L' D' B' L2 B2 U' B2 R2 U' R2 D L2 B2 D R2 Fw Uw 
15.05,B F2 L2 U2 R D2 R' D2 R B2 D2 B2 U' F2 L B2 U F' L U2 Rw' 
22.07,U R U' L2 D' B2 L2 D L2 F2 D R2 U' B' L B F' L' B R U' Fw' Uw' 
17.56,U2 L' D2 F2 L' B2 L R2 F2 R2 B2 R' D' F U2 B R' D2 L' D U Fw Uw' 
18.63,L F' D B' L' F R' D' F' U' L2 D R2 L2 D2 B2 R2 D' R2 L2 F2 Fw' Uw2 
DNF(22.75),F R2 F U' F' R' B R L B L2 U2 D2 F2 L2 U' R2 D' B2 Rw Uw2 
15.99,U' B2 D2 B L D' R' U' R' L2 U2 R2 F2 B L2 D2 F2 L2 D2 F Rw2 
DNF(0.01),D' U2 F D2 F' L2 R2 B' L2 F D2 L2 F' U' B R U' B R2 U2 B' Fw' Uw 
20.32,D2 F2 L2 U F2 D F2 D2 L2 D' B2 L B2 U R' F D B' U L Rw2 
19.89,B' D2 B F2 R2 D2 B2 F' L D' L B U' F D2 R2 U' 
18.19,D' L2 D' U2 B2 D B2 F2 D L2 B' U' B' L' D' U' R' U F2 Uw' 
DNF(14.97),L' F L B2 R F2 R' D2 B2 R2 B2 F2 U2 D L' D L2 D2 F' L' Fw Uw 
DNF(0.03),R2 D B2 U2 B2 L2 R2 D B2 D R2 L D' L F' L' B R' U' R U' Rw 
18.56,B R L2 F2 U' F2 R2 F2 L2 D F2 D U F R B L B2 D' L U Fw' Uw2 
DNF(0.08),R2 D' U2 R D2 R2 B2 F2 R B2 L D2 R2 F2 U F' L' U2 B F2 D' Rw Uw2
DNF(19.26),L' U2 R' D2 B' R' D' B R U2 F2 B2 R U2 D2 R2 L' B2 U2 L2 Fw' Uw2 
16.58,D F2 R2 B2 D2 F2 R2 D2 F2 D' B2 L' D2 B' R' B' D2 B2 D R' Rw 
14.76,B2 D' B D2 L2 F2 R2 B L2 D2 L2 B2 F' L' F U2 F' R D B2 L Fw Uw' 
16.47,L D' R2 B2 U' L2 B2 D' L2 D2 F2 L2 F' R' B2 L D' B2 R U' L2 Uw2 
16.20,U2 F2 D2 R2 B R2 B L2 B R2 F2 L' D2 B2 L D' F' L' B' D2 R Fw' Uw2 
20.22,R' L2 D2 L2 F D2 U2 F U2 B' F' U2 D R' F' D L' U L' U Rw Uw' 
DNF(22.05),F B R2 B2 L2 D R B' D2 F2 D B2 R2 U L2 F2 U' F2 R2 F2 B' Rw Uw' 
DNF(27.64),R2 B' R D' F' R' F' R U' L2 B2 D2 F' R2 B U2 F' D2 Fw Uw' 
DNF(19.15),D2 B' D2 L2 U F2 D' B2 U L2 U' L R' U B R' D2 R2 U' Fw 
DNF(16.20),R F' L' D' F' B2 L B2 U' D' R2 U' F2 U F2 B2 U' F2 L2 F' U Fw Uw' 
18.03,R' U' F2 D B2 R2 D2 R2 U' F2 D' R F' L2 U2 L' F R' U2 F' Uw2 
20.98+,D L2 D2 B U2 F2 L B' L2 U2 F2 U' B2 R2 U B2 R2 B2 R Uw2 
14.80,L' U' L2 F R2 F2 L2 U2 B2 R2 F' D2 U2 L' D' F R' B' U' B U Fw Uw' 
15.63,R D2 R F2 L' F2 R D2 F2 R2 U2 F' R B' U B2 L' D U2 L' Rw2 Uw 
17.82,U B' R D' B2 R2 F2 R2 U B2 D L2 U2 L' B' D' B2 R B' U Fw Uw 
DNF(18.67),D2 L2 F2 L B2 R U2 L' U2 F2 D2 R D' B F' D L2 U L D' L' Rw2 Uw2 
14.03,F2 U' R2 F2 R D2 U2 R2 B2 L D2 U B' R' D U2 F' D' Rw2 Uw 
19.61,F2 U2 B2 L' B2 R' F2 U2 R2 U' B L' R' D L B U B' Fw' Uw 
18.66,D B R2 U F2 U B2 F2 D F2 D2 L2 U' F2 B D2 U R D' L' D' Rw' 
DNF(1.98),B R2 D' B2 U2 L D' B' D' F U2 B' D2 B R2 B R2 L2 F2 L2 Rw2 Uw2 
DNF(24.11),F U' R' F' R' F' D' F R' B2 R2 D2 F2 U F2 R2 U B2 Rw 
DNF(20.74),F L2 D U2 F U2 R2 D2 F' U2 B' L2 R2 B' L' D R2 U' B' L R Uw2 
DNF(22.25),B' R2 D F2 L2 U2 B2 D B2 U R2 D2 B2 F D L' U L' F R B Fw' 
17.02,F2 D B U2 L2 F L2 F R2 B' L2 B2 U2 L2 U R U2 R F2 D B Rw2 
16.03,D' U F2 D R2 D' R2 B2 L2 F L B' U' R U2 F2 D2 F' U2 Fw' 
DNF(21.44),F' B L' D2 F2 D L2 F' L U2 F R2 B' U2 L2 F R2 B' R2 B2 R2 Rw 
14.96,R' D U2 L B2 R2 B2 F2 R B2 F2 D F L2 R2 U2 F R' Rw Uw' 
DNF(15.95),R' L2 F2 R' F B D R D F2 D2 F2 U' R2 L2 U L2 B2 U' Fw' Uw' 
24.85,L' B L U2 B2 L B2 L B2 R' D2 R' F U' R2 B2 D' B2 D Rw' Uw 
18.84,U2 D2 B L' B2 U' F' R2 U' L2 D' R2 D' R2 U L2 U B2 U' R' D2 Fw Uw 
16.97,U2 R2 F2 D2 U2 L2 B' R2 F' D2 L D F U2 R F D' L2 D' F2 Fw' 
DNF(21.63),L' R2 D L2 F2 L2 D L2 F2 D' F2 U F L R2 F2 U L' U' L' Rw Uw 
DNF(0.08),R2 F' L B' D L' B2 U F' D2 F R2 F2 L2 U2 F' U2 F' R2 U Rw Uw 
17.83,B2 L2 D2 B2 L' B2 U2 B2 L' F2 L' D2 B R2 D R F' R2 F R2 U2 Fw' 
DNF(25.09),L' F' L F2 L2 F2 D2 F2 R U2 B2 R' U R2 B' R2 F R2 D2 Rw Uw' 
19.38,R B2 L2 D' L2 D2 R2 U' L2 U B2 U L' D' F D2 U' F D L U' Rw Uw2 
22.09,U R2 L B' D B2 U R' D U2 F' U2 B' R2 D2 B2 U2 B' R2 U2 D2 Rw' Uw' 
DNF(0.19),D L' U2 F2 U2 B2 L B2 R' F2 R F2 R' B U F R U2 R' D F' Fw Uw' 
15.41,F L2 F' D2 L2 R2 B' R2 D2 F D' L B F D2 L F2 D2 U F2 Rw2 Uw 
DNF(8.61),L2 U2 B2 U' R2 U' L2 U2 L2 D R2 L' U R D R' B' U' B' R' F Rw' Uw2 
30.16,B D' R' B2 L B2 U2 L B2 L' B2 D2 L D' B U L' D B L2 Fw Uw 
DNF(0.03),R' L2 D2 B2 U B2 L2 D B2 U F2 D2 F D' U2 L R' U B2 L' Rw2 Uw' 
17.00,D2 B2 D2 F2 L2 U2 L2 R' B2 L2 R' B D2 B2 R F D R' D2 B Fw 
DNF(22.80),F' R' B' D2 R2 U L2 U' F2 U' L2 D2 F' R' U2 R' D' U L' Fw' 
DNF(21.46),R' D2 F2 U2 F2 L B2 F2 D2 R2 F2 U' L' D' R2 B R U B D' Uw' 
21.25,R' F B R U' F' D R F' U' F2 U R2 D2 L2 D R2 U' B2 U B2 Fw' 
DNF(7.95),F' L2 D2 B2 L' D2 R B2 R2 F2 U2 R D' L F' U2 R B D U2 Uw 
11.83,U2 R2 F R2 D2 B' L2 F' R2 D2 B' F' L' D R2 D2 L F' L' F' L2 Uw 
17.50,D2 L2 R U2 F2 U2 B2 U2 L2 F2 R' B' U L U' F D' R U F' Rw' Uw2 
15.63,F2 D U L2 U' B2 L2 F2 L2 F2 L' B L U L2 D L R U' B2 Rw2 Uw2 
DNF(19.71),L2 U2 R2 D' F2 D' U2 B2 D' L2 F' U' L' D' L D2 L' B' R' D Fw' Uw 
16.95,D' U2 B2 D2 R2 F' U2 L2 U2 L2 F R2 F2 R' U' F' R' B F2 R2 B2 Fw 
DNF(0.08),B' D' R' L2 D L2 F2 D2 B2 D2 F2 L2 U B L2 D U2 F R' F Fw' Uw' 
DNF(16.82),U F D' L' U' D2 L2 U R2 F' U2 F' U2 F D2 R2 F' B2 D2 L2 Uw' 
DNF(14.90),B L' F2 U2 L2 D R2 F2 L2 D B2 U' L U' B U L2 B' R' Fw Uw 
15.58,F' R' F2 B D' B' D2 F' L2 D2 F2 L U2 F2 B2 R F2 U2 R2 D 
17.51,F' R F2 L F2 D2 L R F2 D2 L F2 B D B' F L2 U' R' Uw2 
17.16,D2 L' F2 R B2 U2 R U2 R2 D2 R F2 D R F D2 F2 L2 D' L' Rw Uw 
DNF(0.03),B L2 U2 F2 U B2 F2 U F2 U F2 R' D F L R B2 F' D' R2 Uw2 
14.96,U2 B' D' B2 U' B2 L2 B2 D2 L2 D' U2 L2 B' L' D' R' F D2 B2 D Fw' Uw 
DNF(16.31),B R' F2 R2 U' F2 D B2 L2 F2 R2 D2 L F' U2 L' R' F' R' U' Rw' Uw 
DNF(17.44),R F2 D2 F U D' B2 R' D' R2 U2 L2 U2 B' R2 L2 U2 F' R2 F B Uw2 
13.60,U' R2 F2 L2 R2 U L2 U' R2 D2 B2 U B' L F2 D' F U2 B D2 Rw' 
DNF(18.21),B2 R' F2 D2 U2 L2 U2 B' U2 B' D2 B2 D2 U' B' R D2 U L B' Rw' Uw' 
DNF(17.92),B2 U' R2 U2 R' U2 F' L2 D' F2 U' R2 B2 U B2 U2 R2 U L B Rw Uw2 
22.69,R D R F B L2 U L B2 U2 R2 U2 L2 F2 R2 B' U2 F2 L2 F2 Fw Uw 
DNF(1.80),F D' B2 L2 D R' U2 L D2 F2 L2 B' L2 U2 F2 R2 B' R2 D2 R2 D' Uw2 
DNF(1.66),U2 B R' D' F2 R F' B U R2 D2 B2 D R2 D2 F2 B2 D' F2 U' R Uw2 
DNF(11.72),F2 L B2 D2 L' R2 D2 R B2 F2 R' B' L F2 U' B2 F L U B L2 Rw 
DNF(0.08),B' R' B L' U2 R2 L' F U F2 D' R2 U2 L2 F2 B2 D' B2 D2 R' Rw2 Uw' 
DNF(0.08),F' R B R2 L' U F U2 F2 U' R2 B2 U2 B2 D L2 D R2 F R' 
DNF(0.17),B2 D2 L2 R2 U' R2 U2 F2 R2 B2 U' B R F L' R U R B' L2 U Uw2 
16.64,U2 F' U2 B2 U2 R2 F2 R2 F' L2 B' D L U2 B L' U L R' F2 Fw' Uw 
DNF(20.50),L2 D F2 U' L2 U B2 R2 B2 U2 R' F' L' D U L' R' U2 B' Rw 
15.82,B R2 B R' D B U' F R F2 D F2 B2 R2 U' F2 U' B2 D2 Fw Uw2 
11.91,R2 D2 R2 D' L2 U L2 F2 L2 U' R2 D' R' F D B' L' D B L' R' Uw' 
DNF(16.27),D' R2 F2 L2 D' F2 D' L2 F2 D R U2 R U' B L' B U' L2 F Uw 
17.54,D' L2 D' L2 U R2 U B2 L2 R B' F L2 D R2 F R F D Rw' Uw 
17.55,F L' B' L' U R2 B' U R2 F2 D2 R' F2 L' F2 R U2 F2 L2 D2 Rw' Uw' 
18.32,R2 B' U2 B2 L2 F L2 R2 D2 B' U2 R2 D R' B2 L2 F L F2 D2 U' 
DNF(0.97),D2 L2 U B2 U L2 D' B2 F2 L2 F2 D2 F' L R U R' U2 R' F Fw' 
13.35,R2 D2 U2 R' U2 L' R F2 D2 R U2 B2 F R D' B D' U F L' F2 Fw' Uw 
17.06,U B' L2 R2 B' R2 F R2 U2 L2 R2 B' F' U' L2 R U2 L B F' Rw2 Uw2 
DNF(20.38),U' R2 B2 F2 D B2 D' F2 D' R2 U2 F2 L' D B U2 R2 U' B D U' Fw' 
15.40,F2 D F2 D' B2 D2 B2 L2 B2 R2 U2 L' U' L B' L2 D' L' B2 F' R Fw Uw 
17.33,L2 B' L U2 L D2 L F2 D2 L U2 F2 U2 R' D B U F' U B2 F2 Fw Uw2 
DNF(18.66),B' U2 L' F2 D2 F2 D2 L B2 R2 F2 L F2 U B2 L' F R2 U F' U2 Rw' 
DNF(15.82),R2 D F' R F' D2 L' R2 F' D2 L2 U2 F2 L2 F U2 L2 R' B Fw Uw2 
DNF(14.38),F' B2 D' L' U2 R' D' F' R2 D F2 B2 D2 R2 U' F2 D' F2 D F2 Rw Uw2 
13.89,R D' F' U2 L B' U B R2 B2 R2 D2 B2 D F2 L2 F2 U R Fw Uw 
DNF(15.09),R U2 F' D R D2 R2 F' L' D2 L2 F2 R2 U' L2 D2 L2 U B2 R2 U' Rw2 
DNF(22.96),D2 R D2 L' F2 R D2 F2 D2 U2 L' U' B2 R B' F' D2 B2 D U Rw2 Uw 
18.77,L2 U2 F2 D' U2 L2 R2 B2 U2 L D' F U' R D' F2 R' B D' Uw2 
17.43,F' R2 D2 F2 L2 B R2 U2 B' R2 U2 F D' L D F2 D' R' D2 
17.25,F2 D' L2 B2 U' B2 D2 B2 L2 B2 L' F' R2 B' F2 R F' R2 F2 R2 Rw' 
16.30,L2 U' R2 D' B2 U' L2 B2 D R2 D F' D' L U2 F2 U' B R D R' Fw' Uw 
DNF(21.29),R2 D B2 L2 B2 R2 D2 F2 D R2 F2 L U L' B L R' F' D F' U2 Fw Uw2 
18.38,U R F2 R' B2 R' D2 R F2 L U2 L F2 U' R' B' F D2 U' F D Rw2 Uw 
21.27,R D B2 U' F2 R2 U2 R2 U F2 L2 R2 F R2 D L' U F L R F2 Fw' Uw2 
18.29,L' D R2 B2 U2 R2 B2 D' R2 U B2 L2 U R' B' F' U L' R' U F Rw Uw2 
DNF(17.87),B2 D' L2 U B2 D2 F2 L2 D' B2 L' F' D B L' F2 D' F' L2 B Fw 
DNF(15.98),U B2 R' B' R U L D B L2 F2 D2 R2 U2 R' B2 D2 B2 L Fw Uw' 
13.48,R B2 F2 L' R2 D2 B2 R2 D2 F2 L' B L2 R2 D' L2 U' B' L Fw Uw 
19.87,L2 F2 R2 U2 L' F2 R' B2 D2 F2 R F D' U' L2 B' D' U2 R D2 Rw' Uw' 
15.65,L2 D2 F' L' D B' U' R B' L2 D2 B D2 F2 R2 L2 B' R2 U2 B2 D Rw2 
18.79,L2 U2 D' F2 L' F2 B' D R L F2 B2 R' U2 R2 F2 B2 U2 R' B' Rw' Uw' 
15.42,F L' D R U2 F R' D2 B' L2 U2 F D2 B' R2 F' R2 F D L2 Rw2 Uw 
15.50,B L' D2 L2 U F2 D' R2 B2 U' F2 R2 B2 L2 R D' F L2 F' D U' Fw Uw2 
24.28,F2 L2 B2 L2 U2 B R2 F R2 B D2 U2 L R' D' B' R' B' R' F R Rw2 
16.52,R2 B2 D2 U2 L2 U2 F D2 B' L2 R D L' B D' B D F' U' R' Rw2 
DNF(17.72),D L2 B2 R2 D R2 U2 F2 U F2 U2 F' L2 R D' U R F' D' B' R' Rw 
DNF(17.93),L' B2 L D2 L2 D2 B2 R' B2 D' B' L2 F' R' B2 L R U Rw2 Uw 
DNF(22.66),D2 F L2 D2 F' L2 D2 F U2 R2 U B R2 B2 L' F' D B' U R' Fw 
16.54,D2 F U2 R2 B' F2 R2 F2 U2 R2 F' R2 L B' R2 F U' L2 B R D Rw Uw' 
DNF(20.59),U2 B2 D B2 D R2 U2 L2 U' F2 L' D' F D2 U' L' D2 B' U2 Rw Uw' 
DNF(17.19),F L' F2 R D2 R2 U2 B2 R D2 L U2 R U L2 R2 U' R B D' L Fw Uw' 
DNF(29.60),B F R2 B2 F' R2 U2 L2 R2 F L2 D F2 U2 L2 D' R D2 U F2 Rw Uw2 
DNF(15.17),L' U' R' D' B L B' U' R' U2 B2 R U2 L' F2 B2 Uw' 
DNF(15.36),U' F2 U' F2 U F2 R2 U' B2 L2 R2 B' D2 R B' L B D B2 Fw Uw' 
19.03,D' R' F D' L2 D F' L' U2 F2 L' U2 L' F2 B2 U2 B2 U2 R Rw2 Uw' 
DNF(19.58),D' L2 D' F2 U' F2 U R2 U2 L2 F2 L' D2 B2 U B' D' B2 R' F D Rw2 Uw' 
DNF(17.25),R2 D' F2 D' F2 D' B2 D' F2 U' L2 B L2 D L' U' F2 L2 F R B2 Fw Uw 
20.29,F2 D F' B D' B' U2 B2 L F2 L2 U R2 U2 L2 B2 U' F2 D' Fw Uw2 
DNF(0.08),R D2 L2 U2 L2 U2 L' B2 R' U2 F2 D' B R2 U' F' R' F U' B2 Rw' Uw2 
DNF(25.51),U2 F L F2 U B' D R' D' L2 F2 U L2 U2 L2 B2 U' L2 F2 U R' Fw' Uw2 
17.24,F U2 R U2 F2 L B2 L2 U2 B2 L' R B' D' B2 D' B L' U2 Fw Uw' 
14.40,L' B2 L2 F2 D R2 U2 B2 U L2 B F U' F' D' R' U F2 D2 Fw' Uw' 
DNF(18.54),U' L2 F2 L2 R2 D2 U L2 D2 R2 F2 R2 B' U' L' F L' D2 B D' R Uw2 
18.71,F U2 D2 F' L2 B R D' B D2 F2 L2 B D2 B2 R2 L2 D2 B U' Rw Uw2 
13.79,D' F2 D2 L' D2 L F2 L' F2 L F2 R' U B' R U2 F' L' F2 D' B' Rw' Uw 
15.23,B2 L2 D2 R' F2 R2 D2 R U2 R U2 F' L R F' U2 F U' L D2 Fw' 
16.32,L' B2 U2 F2 D2 B D2 F' U2 R2 U2 R2 U2 L U B2 D F L' R F2 Fw' Uw 
15.66,B' F2 L2 U2 F2 U L2 F2 L2 F2 R2 U2 B U2 R2 D L' F U R' Rw2 Uw2 
17.84,L' U R' L2 F' L' B2 R U F' L2 F U2 D2 R2 F' D2 R2 F' U2 F2 Rw' 
DNF(15.67),F U2 B L2 D2 F R2 F2 D2 U2 L2 R B' U' F L' D B' R2 B R2 Rw' 
DNF(20.20),B2 L2 D' R' L D B' U R' F' D2 R2 B' R2 B2 U2 R2 B U2 R2 Rw2 Uw' 
DNF(14.43),D' F2 R' U' B2 U2 L2 D' R2 U R2 U' R2 B2 F' L' D' B U R D' Fw Uw2 
14.33,U2 F2 R2 B L2 U2 B L2 U2 L2 B2 D' L R2 B U' L F R2 D' L' Fw' Uw' 
14.57,B2 U B2 F2 U' R2 D2 F2 U' B' L2 B' D R' D2 L2 F L' U2 Rw' 
15.63,U2 B' D R F' U2 R' D' B2 R2 D' R2 F2 U2 R2 F2 R2 F D2 Rw Uw 
20.50,R2 D2 L2 U B2 U L2 B2 F2 U' F D2 L U F D' L' D2 B2 F2 Rw2 Uw 
16.71,B R' F D' L' U' R D R2 U2 L D2 F2 R B2 U2 R2 U2 R2 Fw Uw' 
DNF(16.06),U2 B2 R2 D2 U2 B L2 U2 R2 D2 R2 F D L D2 B U2 B2 R2 F U' Rw' 
22.01,D2 L2 R' D2 R' D2 R' F2 D2 L2 F2 U B L' U2 F' D2 R B' F2 Rw' Uw 
16.22,U' L' D2 B D R' B' D' F2 B2 D2 B2 U2 R D2 R' U2 L F2 R' Rw Uw' 
DNF(26.54),U2 R U2 F2 R F2 L2 U2 R' F2 U2 B F' U' L' U' B R' D2 B2 Fw Uw 
DNF(16.02),F D B2 D' L2 D2 F2 R2 D' L2 R2 F2 D' R' F R D B2 U R D' Fw' Uw 
16.52,B U2 B2 D2 R2 B' L2 D2 U2 B L' F D B2 U F2 U' B D Fw' 
DNF(13.75),R2 D2 B L2 F U2 F' R2 U2 B' L2 F R F2 D' R D2 U' F2 L2 F2 Rw Uw' 
DNF(1.83),B' L2 U2 B R' U L' D2 R2 B2 R2 F2 L2 D L2 U R2 U' L' F2 Rw' Uw 
16.62,D' L2 U2 L2 D2 F' R2 F' D2 B' U' L F2 D2 R B' L' B Rw Uw 
19.15,L' D B2 D2 R2 F2 U' R2 F2 U' B2 R2 U' B L' U L' D2 L R' B' Fw Uw2 
13.72,R' B' D' F' U B' R B' R2 D2 F2 U2 B U2 B2 R2 D2 F' R' Uw' 
15.49,U2 R' L2 D2 F2 D L2 U F2 U F2 L2 D R' B' U' L2 B' D2 F' U2 Fw 
19.39,F L' D' R F' L B' D L' B2 U2 B2 L2 U2 L F2 L2 U2 Rw 
15.80,U R2 D2 L' R2 B2 R2 B2 U2 F2 R U' F' L2 F' D U L' D2 Rw2 
14.97,B' D' B R' U' D2 L2 F R U2 R2 L2 F' R2 F2 B R2 F' R2 D2 Fw' Uw 
14.27,B D B R L2 D B2 D R D2 F R2 F' L2 F' U2 R2 F2 R2 Fw Uw 
16.13,F2 U F2 L2 R2 D' L2 D' L2 U L2 R2 B D2 F' U2 R D' L2 U L' Rw2 Uw2 
12.31,L2 R2 F2 U2 B R2 U2 F' U2 R2 D' B D' R' B D2 L' D2 U' Rw2 Uw 
17.36,B F2 R2 D2 F2 U B2 U L2 D2 L2 U' L B2 U2 F' U B' L' R Fw' Uw2 
17.38,R L2 D B2 D F2 R2 D R2 U F2 B L' D U2 B' F R' U' R Rw2 
DNF(18.57),R2 F B2 U2 B R2 F U2 L R2 U B2 D' F2 U R2 F2 D' L2 B2 Rw' Uw2 
13.89,D2 B' R2 B2 U2 B R2 B' U2 F L2 U2 L B2 U2 B2 D R U2 B F' Fw' 
15.75,L' B2 D L U R2 F U F L2 F B2 R2 F D2 F2 U2 D2 Rw2 Uw 
DNF(20.58),R' L2 U2 B2 U' R2 D2 F2 R2 B2 U F2 B' U F R D' U' R' B' Rw' Uw2 
13.98,R' U2 L2 U' F2 R' F' L R2 F R2 B D2 R2 D2 B2 L2 B' U Uw 
17.14,D B2 L2 D2 B' U2 F2 U2 L2 F R2 F' R2 D L2 B D' L F U Rw Uw 
14.06,F R2 B' F' U2 L2 F R2 B2 R2 D2 L' F2 U' F2 R2 D2 R U F2 Rw2 Uw2 
17.05,D2 B2 L D F2 B L' U F U2 L2 F' U2 R2 F2 U2 B' U2 L2 F2 D' Uw2 
19.72,R' F2 L D2 R D2 L F2 U2 R' B U' F2 R2 D2 U' R' F2 R2 Rw' Uw' 
DNF(18.75),B U B' L D2 L D F D' L2 U B2 D' F2 D' B2 R2 D' F2 Rw 
18.03,R' D L2 R2 D R2 D U2 L2 B2 R2 F2 R' F L U' R2 B F' R' B2 Rw Uw' 
17.89,L' F L' U2 B2 U2 R2 B' L2 B' R2 F' L F R' U R' F2 L2 Rw Uw' 
15.87,B U2 F U2 B R2 B' D2 F L2 D2 L2 U B2 L' B2 L2 R' D B' Fw' Uw' 
DNF(18.11),R2 F2 L U' L2 D2 R2 D B2 U' R2 F2 L2 U B' R' U' L' U F Fw Uw 
19.77,B R' F2 R2 F2 U2 F2 R2 F2 L' U L' B F R D2 U' B' Rw2 Uw2 
DNF(16.98),F2 U L2 B2 F2 U2 L2 U B2 L2 U' B L F' D R' U2 L' D2 B U2 Fw Uw' 
DNF(1.51),L' D L' B D' L' D R F R2 B2 D' F2 R2 U' F2 U2 R2 F2 D L2 
DNF(14.48),L F2 R2 B2 L' F2 R B2 D2 L' R B' R2 D U B' L' F' L2 D' Rw2 
DNF(1.07),D F' R2 D F2 D R2 B2 U2 R2 U' R2 U' B D U2 L' D' U' L2 Rw2 Uw2 
15.53,L D L2 D' B2 U2 R2 U F2 D' L D U L B' U' B2 F D 
20.79+,U R B L' F D' B2 L F B2 R2 D R2 L2 D R2 F2 U' B2 U L2 Rw Uw2 
DNF(19.24),U' R2 U' L2 F2 L2 U F2 U' F2 R F2 D' L D2 U' R B U2 Rw Uw2 
DNF(0.08),B U L' D' B R' D L' B' D2 R U2 R' L2 D2 B2 R' B2 U2 B2 Rw' Uw 
DNF(0.08),F U2 F U2 B' L2 B2 F' L2 F L2 R B2 U' F' L D' R B F2 R2 Uw2 
DNF(19.83),B' U' D' L' D2 L2 F D2 F' D' F2 B2 D2 F2 D' R2 L2 D L2 Rw2 
DNF(2:31.09),U' L' U' L U' D2 F R D2 R' U2 R2 L' B2 U2 R' B2 L U' F Uw 
DNF(1.61),R' U' F' B D' R U2 L' U F2 D R2 D' B2 U D2 F2 R2 F2 D' Rw Uw' 
16.98,D2 R' F U' D R' U' R L' D2 F2 R2 F2 L2 F2 U L2 D B2 L2 B2 Uw2 
19.34,B' D2 R2 F2 D R2 D' B2 D B2 L2 U2 L' F2 U' L2 D2 F2 U' F' L' Rw Uw2 
16.90,L2 R2 U F2 R2 B2 F2 U2 R2 D U' F U B F L B R2 U F' R2 Fw' Uw' 
22.23,B U2 F2 R' F R L' B R F2 R2 F2 U' B2 D' L2 U F2 D B2 Fw' Uw 
17.40,F' D2 U2 F' U2 F L2 B' L2 B2 U' F' R D2 U2 F L F2 R' Fw' Uw' 
DNF(14.02),R2 F L' F2 D' B' R' F' R2 U D2 R2 U2 B2 R2 L2 U D2 B Rw2 
DNF(16.97),F2 L' D2 R' U2 L' D2 L F2 R' D2 R2 D' L U2 F U' R' U' L2 Fw' 
DNF(17.13),D' B2 F2 R2 D' U2 F2 U' L2 U' F U2 R' D L' F' U2 F2 U2 Fw' Uw2 
21.11,F2 B2 D F' B' U R' U R2 U2 B2 U' B2 U B2 D2 R2 L B' L Fw 
18.98,D2 L2 D2 F L2 F U2 L2 F2 U2 L2 F2 D' F' R D2 F' U L2 R Rw 
DNF(18.40),F B D F' B2 U R D' F L2 B2 D2 L' B2 D2 L2 D2 R' F2 L Uw2
18.80,U2 L B2 D R2 F2 U B2 D L2 B2 L2 D' F' U B F' U' F2 R 
DNF(0.03),L2 B2 U2 F2 D' B2 F2 D' L2 B2 D L F2 R' F R' D2 B L U2 Rw2 Uw 
DNF(17.77),L D' F2 D B2 U2 F2 R2 B2 D R2 D R' F L2 D B U' B F R2 Rw' 
17.02,R' U2 L U' D2 B L D B' R2 B2 L2 D2 F2 D' R2 L2 D' B2 Rw2 Uw 
15.85,D B2 F2 U2 B2 R2 U' B D2 L' D2 L' U' B U' R2 Rw' Uw 
15.67,D2 L2 R2 U' B2 F2 R2 B2 U L2 U' B' D2 R2 U L' D B2 L' B Uw 
DNF(19.82),D2 R' L2 U2 D L D' R' D F L2 B D2 F2 L2 D2 F U2 F2 D2 Rw' Uw' 
DNF(18.79),R2 D2 R2 F2 D B2 D' B2 U' B2 F2 R D' R2 F L' R' U' L2 U Fw Uw' 
13.61,R' L F2 B' U B2 L' D' R' B2 R2 L' U2 F2 B2 L F2 D Fw' Uw 
16.02,L' F2 D2 L B2 U2 B2 U2 R2 B2 R B' L U' L2 B' U F R U' Rw Uw' 
DNF(17.91),L B L2 D F2 L2 U' R2 F2 U' F2 U' R2 U B' D R F2 R' B2 R' Rw' 
DNF(19.11),R D2 F R2 F L2 D2 B2 D2 F' R2 F2 D' U F' U' L U' F U2 L Rw2 Uw 
17.38,F' R U2 L2 D2 R2 B2 U2 R F2 R' U2 F2 U' R2 B' R' D' F' D' R' Rw Uw 
DNF(18.62),D' F' U R D2 F' L2 U' L U2 R2 B' D2 B' D2 L2 B' R2 B U2 Fw' Uw 
14.59,F' D' B' L' D' L' U F B2 L' B2 R' B2 R F2 L B2 R' F2 R' B Fw' Uw 
16.13,R2 L' U F B2 R2 F R F' U2 F' L2 D2 F2 R2 F' D Fw' Uw2 
DNF(23.00),D F2 L2 F2 R2 D' U' R2 D L2 B2 R2 B' R U' L U2 F' U2 R' B2 Rw' 
14.59,D' R2 D F2 D' B2 L2 U2 B2 L2 R2 B' L D' B2 L' D' F' L2 U2 Rw 
13.23,B' D F2 U F2 L2 D' B2 U2 R2 U' L B U' R D' F' R' F' D2 Rw Uw2 
DNF(19.92),L D2 R L' U F L2 F' L B2 R2 F R2 B' R2 F2 R2 Rw2 
14.34,R2 B' R2 F' R D' L' D B' U' F2 B2 U B2 D2 R2 F2 R2 B2 D 
16.45,L F2 D2 U2 L' B2 R2 B2 R' U2 L' D' L2 B R F L B D R2 Rw Uw2 
DNF(18.23),L F' L2 F2 L2 D2 L2 F' U2 F2 D2 R2 L' F' L' D' B' R' F R2 Rw2 Uw' 
20.20,R' D F2 R2 F2 R2 D' L2 F2 D' R2 U L R F' U' L2 D' U' F' Fw Uw2 
DNF(16.38),R L B U' L D2 F' L U L U2 L' F2 U2 R' D2 B2 R2 U2 B2 Fw Uw2 
14.27,L' U2 F2 D' L2 D' R2 D F2 U' L2 F D2 B U' R' B2 D2 R' U' Fw Uw' 
14.92,D2 F2 R U2 R2 B2 D2 L' F2 U2 B2 D' B U R2 F' D B R' Rw Uw 
DNF(14.90),R F' L' B2 R2 D2 U' B2 U R2 B2 U' B2 U' B R B2 F' D L B2 Rw2 
19.28,U2 B' D2 F2 U2 L2 F L2 D2 R2 U2 D' L B F D F R' B' R2 Rw2 Uw2 
18.17,U D R' F' B' L F L B2 R' F2 B2 U2 F2 U2 R B2 U2 R' U' F' Rw 
DNF(20.71),R2 B2 D2 F' R2 F R2 B U2 F' R2 U2 D' R D' B2 R2 U2 F' R' Rw 
17.86,R2 B R2 B U2 B' L2 B R2 B2 D B' L B F' R2 D R2 F' Fw Uw 
17.15,L2 B' U2 D R F B D L U2 F2 D2 B' L2 B U2 F2 U2 R2 D2 F Rw Uw2 
DNF(20.64),D2 R2 F2 D L2 D R2 U L2 F2 U L' F D' B R2 D2 L R2 F2 U Rw2 
14.98,U' F2 L2 B2 R2 F2 D B2 F2 R2 L B R2 U2 R' U2 F' L F' D' Uw' 
24.68,U2 L2 D' F2 D2 B' R2 U R' L2 U2 L2 U2 B D2 L2 F U2 F' D2 Rw2 Uw' 
DNF(27.31),B L2 D L2 F2 L2 R2 U R2 D' F2 D2 U L F D' R2 B F L2 D' Fw Uw2 
DNF(17.79),R2 D2 L2 U' R2 U' R2 U' B2 U' B' L' R2 D R2 F2 L2 D B' F' Rw' 
18.62,F2 U' L' D2 F' D R D U2 B D2 R2 F' U2 D2 F2 D2 R2 U2 D Rw Uw 
16.71,R2 B' U2 B2 U' F' R' U2 R' B2 R U2 L' F2 R U2 R F' R2 Rw' Uw' 
DNF(17.54),U F' L2 D' B2 U' F2 D B2 U2 B2 R2 L' F' D2 L2 U' F' U L Rw' Uw 
17.37,U2 F R U' R' F2 D' F R F2 L2 D' B2 U R2 U2 R2 F2 B2 D2 Uw2 
16.75,D2 U2 B2 R2 D2 F2 R F2 R2 D2 R U' B F' U F2 D B2 L' B' U2 Fw Uw2 
14.31,R2 D2 R2 F2 D2 R2 B D2 L2 B' D U' B' D L D2 U R D' B2 Fw Uw' 
DNF(16.70),F2 U2 R' B2 D2 L' U R B U2 R2 B' L2 D2 R2 B' U2 D' Fw' 
DNF(0.08),D' R' F B' U L' D' B' L2 B2 U' B2 R2 U' R2 D L2 B2 D R2 Fw Uw 
15.05,B F2 L2 U2 R D2 R' D2 R B2 D2 B2 U' F2 L B2 U F' L U2 Rw' 
22.07,U R U' L2 D' B2 L2 D L2 F2 D R2 U' B' L B F' L' B R U' Fw' Uw' 
17.56,U2 L' D2 F2 L' B2 L R2 F2 R2 B2 R' D' F U2 B R' D2 L' D U Fw Uw' 
18.63,L F' D B' L' F R' D' F' U' L2 D R2 L2 D2 B2 R2 D' R2 L2 F2 Fw' Uw2 
DNF(22.75),F R2 F U' F' R' B R L B L2 U2 D2 F2 L2 U' R2 D' B2 Rw Uw2 
15.99,U' B2 D2 B L D' R' U' R' L2 U2 R2 F2 B L2 D2 F2 L2 D2 F Rw2 
DNF(0.01),D' U2 F D2 F' L2 R2 B' L2 F D2 L2 F' U' B R U' B R2 U2 B' Fw' Uw 
20.32,D2 F2 L2 U F2 D F2 D2 L2 D' B2 L B2 U R' F D B' U L Rw2 
19.89,B' D2 B F2 R2 D2 B2 F' L D' L B U' F D2 R2 U' 
18.19,D' L2 D' U2 B2 D B2 F2 D L2 B' U' B' L' D' U' R' U F2 Uw' 
DNF(14.97),L' F L B2 R F2 R' D2 B2 R2 B2 F2 U2 D L' D L2 D2 F' L' Fw Uw 
DNF(0.03),R2 D B2 U2 B2 L2 R2 D B2 D R2 L D' L F' L' B R' U' R U' Rw 
18.56,B R L2 F2 U' F2 R2 F2 L2 D F2 D U F R B L B2 D' L U Fw' Uw2 
DNF(0.08),R2 D' U2 R D2 R2 B2 F2 R B2 L D2 R2 F2 U F' L' U2 B F2 D' Rw Uw2
13.47,U2 B' L2 B U2 L2 F' R2 B2 F' L F2 D' L D2 B2 D B2 F Fw' Uw 
14.00,U' F2 L' F2 U2 L' F2 R' U2 B2 R2 F2 R' B L' D' U' F2 R' B F' Fw Uw' 
19.08,R2 D2 U' B2 F2 L2 U' R2 U' B2 L2 F' L' B L2 D2 L' D' B2 F Rw2 
DNF(0.05),U' D2 L2 F2 D2 L D2 B2 L U2 R' D2 L B' L2 U F R' F2 U B2 Fw' Uw2 
13.50,R2 B' F2 L2 B2 R' U2 L2 B2 D2 B2 D2 R' U2 B' U F' U' L U2 F Fw' Uw2 
21.59,U' F U2 F U2 F' R2 B' L2 F' D2 F U B' L2 R' D' B L' U' Rw2 Uw 
DNF(0.05),R' B' L2 U' F2 U2 R2 D2 R2 F2 D2 U' L' B' U' L F2 U2 R' B Rw2 Uw' 
DNF(0.05),R' D' B' R D2 F' D' L U D R2 L2 U B2 L2 F2 R2 U D2 R2 Uw2 
DNF(0.05),R' B L' B2 D2 U2 R' D2 B2 F2 R' U2 L' F' D' R' B D' U2 L2 Fw Uw2 
14.24,U2 F2 R2 D' B2 D' F2 D2 B2 R2 F2 D R' B' D' F D2 F U' R Fw Uw' 
DNF(0.56),B2 D R' U L2 F' D B' D' R2 L2 F2 L2 B U2 F U2 R2 L2 Rw Uw 
16.22,D' B U B2 R2 U L2 D' L2 F2 U' F2 U' R' D B2 L D' L' U' Uw' 
DNF(0.05),D L' D2 L2 R' B2 D2 L' B2 D2 L' B2 L2 F' L' D B' D B2 F R Fw' Uw 
16.17,U' F B L F L B' R F' U B2 U2 B2 U2 R2 F2 L2 D F2 L2 Rw' Uw2 
DNF(0.05),U' D' F2 U' R' L2 B' D R F2 R B2 D2 F2 L2 B2 R B2 L F2 Fw Uw2 
DNF(0.05),U2 R F2 U' L2 F' D2 B' U' R L' F2 R' L2 U2 R B2 D2 F2 U2 B Rw2 Uw' 
16.38,D' R2 D2 L2 F2 D2 U2 R2 F' D2 B L2 B' U' L F2 D R' U L2 R' Rw2 Uw2 
16.40,R' F' L D2 F U D R' D2 R2 D2 B R2 L2 B' D2 F2 R2 B L2 D Fw' Uw2 
14.49,R2 D' R2 D L2 F2 R2 B2 D' U2 R' B2 F' U R' U2 F' L2 B D Fw' Uw 
15.50,U R B2 D' L' D B' L' U2 F' U2 D2 L2 D2 B U2 B2 L2 B D Fw Uw' 
DNF(1.65),U L2 D2 R' D2 L F2 D2 L D2 U2 L2 U L U2 B R B U2 R' Uw 
13.93,L' F B D' F' B' D2 R' F U2 F2 R F2 R D2 R L2 B2 U2 Rw Uw2 
14.84,F R2 B D L B2 D F2 L2 D2 B L2 F D2 R2 D2 B' R2 L2 U' Rw2 Uw 
16.89,L U' B2 F2 L2 R U2 B2 R D2 F2 L D' F' L R2 U L D Rw Uw2 
14.36,U L F' D' B2 R2 B R2 U' B2 U2 D2 L D2 R' F2 R' D2 F2 U2 Fw 
16.09,B' R2 D2 B L2 F' L2 F' D2 R2 F' D2 U R' D2 B2 U B R' F Rw' 
17.46,U' L2 D R2 D' F2 U2 R2 F2 D2 L2 R' B' L' B' D B' D' L U2 Rw2 Uw 
14.08,F2 R2 F2 L' D2 L' R2 B2 D2 R' B2 U' B R' U' F U B' F' R Uw2 
15.63,F L2 R2 D' F2 U' F2 L2 U' L D L2 B' D' U' F' D' R2 Fw 
DNF(18.98),U' L2 R2 F2 D L2 B2 U L2 U L' D L U R' B2 U2 L' F' L' Rw2 Uw' 
DNF(0.15),U2 F' R2 F' R2 D2 B D2 F' U2 B' R2 L D U2 F2 D2 B U2 L' Rw' 
DNF(4.15),F L2 U2 B2 U2 R U2 B2 L B2 U L D B U' B2 U' R' 
DNF(0.15),U' F2 R2 D' B2 D B2 F2 D U' R' U' B2 U L R2 D2 B D' R2 Rw' 
DNF(0.05),U B F2 U' L2 D' R2 B2 U2 R2 D' F2 U' R B' D R2 D' B' F' Rw' 
DNF(0.05),R2 B2 U2 F U2 B' D2 F' U2 B' D2 F2 D' F' L2 F' D' R F' R' Rw Uw' 
DNF(0.05),U' R F2 R2 B2 R2 U' R2 U' F2 U2 B2 D B' R' F' D' B' D U Rw' Uw' 
13.92,L F2 U2 L D B D R' B2 L' U2 L D2 L' F2 B2 D2 F2 B' R' Rw2 Uw2 
17.73,B2 R B2 L' U2 R' F2 U2 R U2 B2 D' B' R' U' F D' L F L2 U' Rw Uw' 
18.01,L F D' F2 R2 U R2 D2 R2 B2 D' B2 U L2 B D2 F' R U B2 L2 Rw Uw' 
DNF(0.05),B L2 D' F2 B' D R' L U L2 B2 R2 U' L2 U' D' L2 B2 U' F2 B' Uw' 
DNF(1.65),B U2 R U2 F2 L2 U2 B2 U' L2 D' U' L2 R' F L2 D' U2 B U' Fw' Uw2 
12.21,D2 L' F' R2 B' D2 F2 U2 R2 D2 F' U2 F R' F U' F R' U2 B' Rw 
17.73,U2 F2 U' B2 R2 B2 F2 D B2 U2 F2 B L F2 R' B' U' R' D U Rw Uw2 
DNF(0.05),F' D2 F2 R2 B2 F2 D' B2 F2 R2 U2 B' U' L' U' L F L' D' U Fw Uw2 
19.40,D F2 U' R2 D F2 R2 D L2 U' F2 L U R F U B' R' U2 R' D' Rw2 Uw2 
DNF(0.05),B2 D2 U2 R2 F' D2 B2 D2 U2 B' R2 B' L R B' D2 F2 D' L2 F2 L' Fw' 
20.67,F U' R2 U2 B2 L2 R U2 L' D2 F2 R2 U R' D L2 F D2 R' Rw2 Uw2 
14.58,B' U2 B2 L2 B D2 F2 L2 F L2 U2 D' F' L U B' D B R' D' L Fw' Uw2 
DNF(0.05),F U2 R L2 B2 U2 B U2 L2 B U2 B' R2 U2 D R2 U2 L U' R B2 Rw2 Uw' 
DNF(0.05),F' U R' F D' B D' F2 R2 B' L2 U2 F B2 L2 D2 L2 R' U2 Rw' Uw2 
18.09,L2 U B2 D' B2 F2 D U B' F U R2 F' U' L D' U2 R' Uw2 
16.21,D2 B R2 B R2 D2 U2 B' U2 B' L' F2 R' D' R2 F' D2 R U' Rw Uw' 
18.72,U R2 L2 B2 D' L' F R2 F U2 F R2 F' L2 F U2 F' R2 L' D' Fw Uw 
18.14,U2 F L2 D' L' F' U' B R B D2 F D2 F' L2 U2 F L2 B L2 B2 Fw Uw' 
15.65,L F' R' D' L2 R2 F2 D F2 R2 D' B2 D R U B2 F U' R2 F Rw Uw 
15.05,U2 L' U2 D' L F2 L2 F' L2 U' R2 U F2 D' F2 L2 D' L2 U2 L2 Rw' Uw 
DNF(0.05),F' L' R2 F' L2 B' R2 B2 L2 R2 U2 F L2 D F2 L2 F2 L F D R' Rw Uw' 
17.55,B2 D2 R2 D F2 D' F2 R2 U2 B2 R F U' F D' L B R' D F Uw' 
16.71,L B' L2 F U' R2 D R2 B2 R' B2 R2 B2 D2 L' B2 R2 U2 B' D2 Rw2 Uw' 
DNF(0.15),B' L' R2 F2 U' L2 D' B2 D2 R2 F2 R2 D U' R' D2 B F' R D2 U Fw' Uw2 
14.96,F U' R2 L' B' U' L' U F2 D2 F2 D2 B D2 R2 B' U2 B2 R2 B' 
17.10,B2 D' F2 D B2 R2 B2 D' L2 B2 U B' R B' F2 U' B F' U2 L Uw 
DNF(0.56),D2 L2 B' D2 B R2 D2 F' D2 B2 R2 F L R D' F' D' L' D' B F Rw2 Uw2 
DNF(0.56),U' R' F2 L' R' D2 R' D2 B2 U2 B2 F2 R U B2 U' B U' R' B2 Fw' Uw' 
15.61,R2 D B2 D' B2 D2 U' F2 R2 U2 L2 D2 F' U B' R' U2 L D L' Rw2 Uw2 
18.00,D' F U2 L2 F D2 F L2 B D2 B R2 F U' B' D L F D L D' Rw' 
17.06,B' L U B' U D2 B2 D F' L2 U2 R2 U2 L' F2 L B2 L' U2 B2 D2 Uw' 
16.82,U R' D2 U2 R2 F2 L' D2 L B2 L' D2 U' L2 F D2 B R B' L2 Rw2 Uw' 
17.24,L2 U' B' U D L' F' D2 B2 R F2 D2 L' F2 R' L F2 D2 L B' L2 Fw' Uw2 
17.04,R2 U B2 F2 U2 F2 U' R2 U2 F2 R' U' F2 D' L' B' L D2 L2 R' Rw' Uw 
19.42,B U F2 U R2 U' L2 D2 B2 U F2 U' L2 F U2 L U F2 U2 L U 
DNF(0.15),U' B2 L2 D2 L2 R2 B2 D' L2 D L2 B D' L F' D U' B R U Fw Uw 
DNF(0.15),L2 F2 R2 F' R2 B R2 B2 R2 D2 F R2 L' B D R2 U' B' U2 R F' Uw' 
DNF(0.05),B2 R2 L B U R U L' F U F2 B2 R2 F2 B2 U' L2 U2 D' R2 U Fw Uw' 
DNF(0.05),F' R B D R2 F2 L2 F2 U R2 U B2 R2 L' U2 F2 U2 B' F' U Rw Uw 
18.21,R' B' R2 D2 B R2 F L2 B2 D2 L2 F R' F2 U' B' U2 B2 R2 U2 Rw' Uw2 
DNF(0.25),F D2 R L2 B2 R2 B D' R2 B2 R' U2 R2 B2 U2 R D2 R D2 R' D Rw Uw 
16.27,U2 L U' L2 F2 L2 U R2 F2 U B2 D2 F2 U R' D' F' L R B' F Fw' Uw' 
DNF(0.05),L F2 U2 F2 D' B2 D R2 F2 R2 F2 U' L2 B' D2 F2 L2 U R2 D' R' Rw Uw 
DNF(0.05),U2 F2 U2 B2 F' D2 F' L2 R2 F' R U B R D' F R' U2 L R2 Uw 
DNF(0.05),L2 F' D2 U2 F U2 B' L2 B' F2 U2 L D R F2 L2 F' L U' B Rw2 Uw2 
DNF(0.05),B D L U L2 D B2 U2 L2 R2 F2 U' F2 R F R F U B' D' Fw' Uw 
17.52,B R2 B2 L2 D2 B2 R2 D' L2 B2 U' R' U2 F D B' U R D2 Uw' 
DNF(0.05),D2 L D' R2 U D L D L2 B2 R2 D2 B' L2 B' U2 R2 B2 U2 R' Rw2 Uw 
15.24,D2 B D' F2 U2 L2 U' L2 D' B2 D B2 R D' B R' B2 R' D2 F2 Fw Uw' 
15.31,U' F2 R2 D' F' R' U' B L' U' B2 U' R2 U' R2 B2 R2 D2 F2 L2 U Fw 
15.40,D2 R' F2 B' U D2 L' U L2 U R2 U2 B2 L2 F2 D2 F2 U' R' F' D2 Rw' Uw 
14.97,B2 R2 B2 D U2 R2 D U2 L2 U' B R' D B2 D L' D U B' R Rw 
DNF(0.05),F' R' D' F2 D' U R2 U' B2 F2 U2 B R D' L' F2 L2 U2 Uw 
15.75,D B' F2 R2 F2 U B2 U2 L2 F2 U' R2 F2 R' U B L' D' U' L' B' Fw Uw 
DNF(0.54),R' F' U2 F R U2 B R2 U L2 F2 U B2 D' R2 D2 R2 F2 D' F Rw Uw 
DNF(0.05),B' D2 R2 D' L2 F2 U' L2 D2 R2 F2 D B2 R' U' L2 D2 B2 F D2 U Fw Uw 
17.55,B2 L' F2 L2 U2 R U2 R U2 R U2 R D' F' L2 D B2 F' D' R U2 Rw' Uw2 
16.99,D2 F B U' F2 B' D' L U2 L' B2 D2 R2 F2 D2 L U2 B2 F' R2 Rw2 Uw' 
16.60,B U B2 R F' U R2 D' L F B' L2 F U2 Fw' Uw2 
DNF(0.15),R U' B D' F2 R' D F R2 U2 D2 B' R2 F U2 B U2 L2 F' R' B' Fw' 
19.45+,U F2 U2 B2 R2 F2 U2 R2 U' B2 R D L B' F D B U B R' Fw 
15.83,B2 L2 D2 L2 U2 B F2 D2 L2 F' R2 F L' F R2 F2 U2 R2 U' L' R2 Rw' Uw2 
16.76,U' L D2 R2 B' L2 F' R2 U2 R2 B2 F' D2 L2 U' B' D2 L' D F2 Rw' Uw 
17.26,B' F2 D U2 B2 D2 B2 L2 F2 D' L2 B2 L' U L D B' L2 U' B Uw'
16.56,U' R2 D B' R2 U2 B' R2 F2 D2 R2 U2 L' D' B L2 U' R' B' Fw' Uw 
17.87,R2 B' D2 B2 L2 U2 R2 B D2 B F2 R' F' U R B' F' U2 F2 Rw Uw 
15.79,L2 F2 D F2 D2 B2 R2 D U2 F2 L2 U2 L F' L2 R2 D' L' R2 F2 U Rw' Uw' 
17.05,R U2 L F2 L F2 D2 F2 R2 B2 F2 U2 F' U F R D2 B' R2 U L Fw' Uw' 
18.34,U L2 B2 L2 R2 D U2 F2 R2 U L2 F' D2 R2 U' F' L B' F2 D B Fw Uw2 
18.70,U2 B' R2 B' U2 F' R2 U2 B2 R2 D' R F U2 L2 F2 L B' R D' Fw Uw' 
16.70,L B' R2 B U F U' F R' B2 L' F2 R' B2 R D2 R D2 B2 D2 B Uw 
15.22,R B2 F2 R F2 D2 R D2 L2 D2 R2 F L2 F U R' D' R2 Uw2 
18.88,L B' R' U2 R2 U' F2 D B2 L2 U R2 B2 U L' D' U' F U' R' D Fw' 
18.51,B2 D' F2 U' L2 F2 R2 U L2 F2 R2 U2 B' U R2 B2 L' D2 B2 U' F 
24.23,F2 R' F2 D2 L2 U' B2 L2 F2 L2 D' L2 U2 L' D' F L2 U R' D2 R2 Rw2 Uw2 
19.37,D2 L2 B2 F2 D U2 R2 U B2 F2 L2 F L B L D B2 D2 B2 Fw Uw 
14.48,F' D' U2 B2 R2 B D2 F' R2 F2 L2 R B2 R U2 F D2 U' Fw 
17.02,L F2 U' L' F' D2 B L2 B2 L' D2 L U2 L F2 L' U2 F2 D' F2 Fw Uw' 
(DNF(17.26)),B' F2 U2 B2 D F2 L2 U R2 D' B L D L D2 R2 D' F2 Fw 
17.78,R' D2 L D2 U2 B2 U2 B D2 F' R2 F2 D2 F D' F' U' L B R Rw' Uw2 
16.68,R B2 D' L2 D2 R2 U R2 D L2 B2 U' F D2 U2 L' B' R D R Rw Uw' 
17.46,R D L R2 U2 R2 B' D2 U2 B' D2 R2 B2 R F' R' B2 F2 U' L' Fw' 
18.62,U2 F2 D2 L2 D2 L' U2 F2 R2 U' L2 D B' D' U' R' B2 L' Uw 
19.12,U2 R2 B D' L2 U B' L' F' U2 L2 U' F2 B2 D' L2 U2 L2 B2 D2 F2 Rw' Uw2 
16.55,B' U' B2 U2 F R' U F2 D2 R2 U2 B U2 B' U2 L2 B' D2 U B Rw Uw' 
17.42,U R D F U' L' B L2 U2 R2 B2 U R2 B2 D' R2 U' F2 B2 L' D Rw Uw2 
(DNF(0.15)),L2 F2 U' R2 U L2 U R2 B2 D' U2 B R B2 U R' D2 L2 F U2 R Fw Uw 
(DNF(0.56)),U2 D F2 R' F2 B' U' R2 B2 U F2 L2 B2 U2 L2 U' D2 L U' Uw' 
16.44,R B2 U2 B2 D R2 U2 F2 R2 D2 R2 U R2 F D' R U2 F L' D2 F2 Fw' Uw 
15.11,U' L2 F' D2 F' U2 R2 F' U2 F2 U2 L2 D' L2 D' L' R D U2 R Uw' 
23.71,F' B' R' U L F' B' R2 D F2 R' L' B2 D2 R' U2 F2 R D2 L2 Rw2 Uw 
27.65,D2 L2 D F2 R2 F2 L2 D' F L2 R U' B R' D U L' Rw' 
16.54,R2 B2 L2 D2 F' L2 F' R2 B2 U2 L2 R2 D F' D2 R' F' R B' F2 Fw Uw2 
15.98,R F2 U' R2 F' L B U B U' F2 U' L2 U2 L2 D R2 B2 R2 F2 D2 Rw' Uw' 
17.11,R F R2 D R2 D' B2 U2 B2 L2 F2 L2 U B F D' L B R' U' F2 Rw2 Uw 
14.90,F' D F D L D2 F R U2 F' L2 U2 B' L2 U2 B' L2 F R2 F2 L' Uw' 
16.03,F' U2 B2 U2 F2 U2 L' R2 B2 L' R2 U' R2 F' R2 D2 R' D L2 F' Rw Uw 
18.74,D2 F2 B L' U' B R' U2 B R2 B' L2 F2 L2 F R2 U2 F L' U2 Rw Uw 
14.08,L R2 B2 L2 D2 L2 U' F2 L2 U' L2 U2 R2 L' U' B' F D' F D' R Rw 
18.69,L' R2 U2 F2 R2 D R2 D B2 D' B2 D2 R' B' L R' F' U' B' D' Rw' 
17.01,D L U' B L2 F' U2 F' L' F' D2 R2 B2 D2 F' R2 U2 D2 B' D2 Rw2 Uw' 
18.55,R' D' L2 D' F2 U' L2 U2 R2 F2 U' B2 R' D2 B' L2 U' F' R F' U' Rw' 
14.90,U D R D2 F B2 D2 F' U' B2 R2 F' U2 F L2 F' L2 U2 F D2 F2 Fw Uw 
18.28,L F' D' B' U' D' B2 U' F' U2 D2 R U2 R' F2 L' B2 R F2 D2 L Uw 
16.72,D B2 D' F2 L2 D L2 D' L2 R2 D L F2 L D' L' B' R' F' D R 
18.42,B L D' F U' R U2 D B F2 R L2 U2 R D2 F2 B2 L' F2 R2 B2 Fw Uw2 
19.38,R B' L' F2 R2 D B L2 U2 R2 L' U2 R F2 R U2 L' F2 D F' Rw' 
18.97,L2 R2 F2 D F2 D' L2 D2 B2 U' R2 F' D L R2 U2 F' L D2 F' L Uw' 
16.48,D B2 D2 B2 U R2 U' R2 F2 L2 R2 F U B L2 R2 D L' F' Rw Uw' 
16.81,U L' D L2 U2 L2 B2 L2 U L2 D2 U' F2 B' D' F2 L2 D R U L2 Uw2 
15.16,R2 B2 L2 F' U2 F2 R2 F R2 F U2 R2 U F' L' D' F D2 B' D2 B' Fw' 
16.26,U2 R' F2 R2 U' L2 U' L2 F2 U' L2 U B' L' B D B' U R2 U' Rw Uw
15.80,D R' B' R2 F' R2 L' D' L2 F2 L' B2 L' U2 R D2 B2 U2 D2 R D' Uw' 
16.83,U' L' U2 F' R2 F2 D2 R2 F' U2 F U2 L2 F2 L B' D U2 R' D2 F' Rw Uw' 
16.88,R2 F D' L2 F2 D2 F R2 B L2 F2 R2 F' R D U' F2 L B F' R' Rw' Uw2 
18.05,U' F R L' F2 D B' F2 R' U2 L' F2 U2 D2 L D2 L' D2 R2 D' B Fw' Uw' 
19.82,L D2 B2 F2 L' D2 B2 R2 F2 B' R' D' L' F' L2 F2 R U L Rw2 Uw' 
14.74,F' B2 D' L2 F2 U' L2 R2 F2 D F2 L2 D2 L D2 F D2 B F R' F Fw' 
18.31,U2 R2 U' R2 D F2 U B2 U2 L2 U' F' U' B' L D' B D' L2 B 
16.84,D2 F' U2 B2 R2 B L2 B R2 D2 F2 D L2 F' D2 U2 F U' F2 R Rw Uw' 
17.11,L F' U R2 U R2 F2 R D2 B2 D2 B2 D' B2 D' R2 U' L2 U B2 Rw Uw2 
16.80,R U R2 L F U D2 B' D' R D2 R' D2 L B2 L' B2 R2 F2 U2 L2 Fw 
17.25,R U R2 U' B2 U F2 D B2 R2 B2 D2 L D2 B' F2 L2 U' L2 D F' Fw 
17.20,L' D' B' D2 U2 R2 F R2 B' L2 U2 B2 F2 U B2 U2 F' L U' L2 Rw Uw 
15.42,B U2 F2 D2 F2 D' B2 F2 D B2 U' F2 L' D2 U' F' D' L' R D' B Rw Uw' 
17.54,F R B2 U F' B R B2 R' D F2 U F2 R2 B2 R2 D2 L2 U' L2 D Rw' Uw 
16.93,R D2 U2 B2 L2 R U2 F2 R' B2 R' D' F U' R' F2 R D U2 F2 Rw 
16.47,F' L' U' L2 U' R2 B2 U2 B2 U2 F2 R2 U B' D2 L' R' B2 U L' F2 
17.23,L' U' R' F2 L2 B2 D2 L F2 D2 L2 D2 R' B' L D' L F' R' F' Uw' 
(DNF(0.05)),B2 R2 D' B2 D B2 F2 R2 F2 U' F2 D2 R B' U F2 R D' U F' Fw' Uw 
16.42,B D2 L2 F2 U' R F B D U2 R' F2 B2 U2 D2 R' D2 B2 R2 L B Fw' Uw' 
(26.63),L' B L2 F' U2 R2 D2 B2 U2 B' U2 F2 D R2 D2 F' U L B R' Fw' 
16.20,D' L D' B2 U2 L2 U L U2 L2 U2 D2 F2 U2 B' L2 F R2 D2 F2 Rw Uw 
15.45,U2 D2 L2 D2 F2 R' B R2 F2 U L2 D' B2 D' F2 B2 L2 U' L B' Rw2 
15.83,R U L2 F' R' D2 R' F2 R2 D2 B2 U B2 U F2 B2 L B2 Uw 
17.99,L2 U2 B2 R2 U2 F2 R2 U2 B U2 F R' U B2 U L' F2 D' B2 L Fw Uw2 
15.15,R2 U' F' B' U F' D' R' U' R2 U' B2 R2 U' F2 D' F2 B' Rw2 Uw
15.80,D R' B' R2 F' R2 L' D' L2 F2 L' B2 L' U2 R D2 B2 U2 D2 R D' Uw' 
16.83,U' L' U2 F' R2 F2 D2 R2 F' U2 F U2 L2 F2 L B' D U2 R' D2 F' Rw Uw' 
16.88,R2 F D' L2 F2 D2 F R2 B L2 F2 R2 F' R D U' F2 L B F' R' Rw' Uw2 
18.05,U' F R L' F2 D B' F2 R' U2 L' F2 U2 D2 L D2 L' D2 R2 D' B Fw' Uw' 
19.82,L D2 B2 F2 L' D2 B2 R2 F2 B' R' D' L' F' L2 F2 R U L Rw2 Uw' 
14.74,F' B2 D' L2 F2 U' L2 R2 F2 D F2 L2 D2 L D2 F D2 B F R' F Fw' 
18.31,U2 R2 U' R2 D F2 U B2 U2 L2 U' F' U' B' L D' B D' L2 B 
16.84,D2 F' U2 B2 R2 B L2 B R2 D2 F2 D L2 F' D2 U2 F U' F2 R Rw Uw' 
17.11,L F' U R2 U R2 F2 R D2 B2 D2 B2 D' B2 D' R2 U' L2 U B2 Rw Uw2 
16.80,R U R2 L F U D2 B' D' R D2 R' D2 L B2 L' B2 R2 F2 U2 L2 Fw 
17.25,R U R2 U' B2 U F2 D B2 R2 B2 D2 L D2 B' F2 L2 U' L2 D F' Fw 
17.20,L' D' B' D2 U2 R2 F R2 B' L2 U2 B2 F2 U B2 U2 F' L U' L2 Rw Uw 
15.42,B U2 F2 D2 F2 D' B2 F2 D B2 U' F2 L' D2 U' F' D' L' R D' B Rw Uw' 
17.54,F R B2 U F' B R B2 R' D F2 U F2 R2 B2 R2 D2 L2 U' L2 D Rw' Uw 
16.93,R D2 U2 B2 L2 R U2 F2 R' B2 R' D' F U' R' F2 R D U2 F2 Rw 
16.47,F' L' U' L2 U' R2 B2 U2 B2 U2 F2 R2 U B' D2 L' R' B2 U L' F2 
17.23,L' U' R' F2 L2 B2 D2 L F2 D2 L2 D2 R' B' L D' L F' R' F' Uw' 
(DNF(0.05)),B2 R2 D' B2 D B2 F2 R2 F2 U' F2 D2 R B' U F2 R D' U F' Fw' Uw 
16.42,B D2 L2 F2 U' R F B D U2 R' F2 B2 U2 D2 R' D2 B2 R2 L B Fw' Uw' 
26.63,L' B L2 F' U2 R2 D2 B2 U2 B' U2 F2 D R2 D2 F' U L B R' Fw' 
16.20,D' L D' B2 U2 L2 U L U2 L2 U2 D2 F2 U2 B' L2 F R2 D2 F2 Rw Uw 
15.45,U2 D2 L2 D2 F2 R' B R2 F2 U L2 D' B2 D' F2 B2 L2 U' L B' Rw2 
15.83,R U L2 F' R' D2 R' F2 R2 D2 B2 U B2 U F2 B2 L B2 Uw 
17.99,L2 U2 B2 R2 U2 F2 R2 U2 B U2 F R' U B2 U L' F2 D' B2 L Fw Uw2 
15.15,R2 U' F' B' U F' D' R' U' R2 U' B2 R2 U' F2 D' F2 B' Rw2 Uw
16.40,R' F' L D2 F U D R' D2 R2 D2 B R2 L2 B' D2 F2 R2 B L2 D Fw' Uw2 
14.49,R2 D' R2 D L2 F2 R2 B2 D' U2 R' B2 F' U R' U2 F' L2 B D Fw' Uw 
15.50,U R B2 D' L' D B' L' U2 F' U2 D2 L2 D2 B U2 B2 L2 B D Fw Uw' 
(DNF(1.65)),U L2 D2 R' D2 L F2 D2 L D2 U2 L2 U L U2 B R B U2 R' Uw 
13.93,L' F B D' F' B' D2 R' F U2 F2 R F2 R D2 R L2 B2 U2 Rw Uw2 
14.84,F R2 B D L B2 D F2 L2 D2 B L2 F D2 R2 D2 B' R2 L2 U' Rw2 Uw 
16.89,L U' B2 F2 L2 R U2 B2 R D2 F2 L D' F' L R2 U L D Rw Uw2 
14.36,U L F' D' B2 R2 B R2 U' B2 U2 D2 L D2 R' F2 R' D2 F2 U2 Fw 
16.09,B' R2 D2 B L2 F' L2 F' D2 R2 F' D2 U R' D2 B2 U B R' F Rw' 
17.46,U' L2 D R2 D' F2 U2 R2 F2 D2 L2 R' B' L' B' D B' D' L U2 Rw2 Uw 
14.08,F2 R2 F2 L' D2 L' R2 B2 D2 R' B2 U' B R' U' F U B' F' R Uw2 
15.63,F L2 R2 D' F2 U' F2 L2 U' L D L2 B' D' U' F' D' R2 Fw
15.49,F2 L2 U' L2 D F2 D L2 D2 R2 U' R B' D' F2 L' U B' L2 B2 F Uw' 
15.89,B2 U' F2 R2 B2 R2 U L2 U2 R' F D' U B L F2 D B2 Rw2 Uw 
16.58,L2 D B2 D' F2 U' R2 B2 D2 R2 D2 R' B' U' B R2 U2 F' D' B Rw2 
16.61,L2 D2 B' D2 L2 F' R2 B' F2 D2 F D' F' U' R F2 L' D' F' L' F Rw Uw' 
20.70,R F' R' B R' U2 D L' F2 R2 B2 U2 R2 D B2 R2 L2 D' F Rw' Uw 
16.19,D2 R2 B' D2 U2 B2 U2 R2 F' D2 F D2 L' B2 R' U F' D R' U' R Rw 
16.53,F D2 L2 F D2 L2 B L2 U2 L2 D2 R U B L2 U' B2 D2 F2 D' Rw' Uw2 
17.06,F2 U' B2 F2 U F2 U2 B2 D2 R2 B' R D U F' L' D' L2 D2 F Fw 
15.28,F L B' F' L2 F' R2 U2 R2 F' R2 F U2 D' L' D L' R' U' B2 Rw' Uw2 
17.56,L2 U D2 R F2 U F' R' B' F2 L2 D F2 D R2 D' R2 F2 U2 R2 Fw' Uw' 
17.82,U2 B2 F2 R2 D F2 U B2 U B2 F2 U2 R' D R2 F R' U L' U2 Uw' 
18.44,L2 F2 D2 U2 R2 B R2 F' L2 F' D2 B' D F R F D' F U' R D Rw Uw' 
15.96,R2 F U B' L U R2 U B' U L2 U2 F2 R2 D L2 D2 L2 U' Rw2 Uw 
16.79,D' L2 F U' R' B U R U2 L2 U2 F2 D F2 D2 B2 L2 B2 D' R2 F Rw' 
19.36,D2 L' D2 U2 R' F2 R2 D2 R' B' D U B D2 L B2 F' Fw 
16.07,L D' L2 U L2 B R' U F' L2 U2 L2 B2 U2 B' U2 B' D2 F' U2 L Rw' 
(DNF(0.15)),U R2 B2 D' B2 U L2 D2 L2 D' L2 U2 F' U L' D F' L B' L F' Rw Uw' 
18.74,R B2 F2 L B2 D2 U2 L2 R' U2 B2 R2 D' L' R2 F2 U B D' F' U2 Rw Uw' 
15.75,F2 R D F2 D2 B D2 U2 R2 F' D2 U2 B2 R' D F' L2 D U2 R2 Rw Uw2 
18.04,D2 F' L2 R2 F' R2 B F L2 F R2 L' B D2 F' U' F2 D U' B Rw Uw2 
20.13,F' R' B L D' L F' L' B2 R' L2 B2 L' U2 L F2 U2 F2 B U2 Rw2 Uw' 
(DNF(1.26)),R D' R U D2 R2 B L2 F U2 L' U2 R' D2 R F2 B2 D2 Fw Uw2 
15.65,U L2 B' R D2 F2 B2 D R F' D2 R2 B D2 R2 F D2 B D2 L2 D2 Rw Uw2 
22.15,U2 F2 D2 R2 U' F2 U' R2 B2 U2 B2 L' D' L2 F2 R' U R F D2 Rw 
15.88,R' B U2 B D2 F' D2 F R2 F2 D2 L' R F U F2 D' B L' Fw' Uw2
15.91,R B2 R2 D' L2 B2 U R2 U' B2 U B2 U2 B D2 L B' F2 U' F Fw Uw2 
17.78,R' U2 L2 B2 U2 L2 U2 L' U2 F2 U' F2 L' B2 F U' L' F2 U2 Rw' Uw2 
19.24,R' B D2 F2 R2 B2 L' U2 R D2 L D2 L' U L2 U' R B' R' B Fw Uw' 
19.03,R2 F' D2 U2 R2 B R2 U2 B L2 R2 U2 L' D' U2 L2 R' B2 F' L B Rw2 Uw2 
16.49,U2 L F' U2 R2 B2 R2 F R2 F' D2 B L2 R' F' D2 L2 U' B L2 Fw Uw 
16.06,U2 B2 D L2 D B2 R2 U' R2 D B D' L F2 R D B2 F' L F' Rw Uw 
20.04,D L' D2 L2 F D' L' F2 D' R2 F2 B2 D' F2 D L2 F2 B2 D F' L' Rw' Uw2 
17.19,U' B2 U2 L2 F2 L2 D B2 D L2 F2 U F' D' F L R U' B2 L2 U Uw' 
17.89,U2 L' U D R2 L' F' L2 B D' R2 F2 D2 F2 U' D2 L2 F2 D' Rw2 
(14.06),R2 F L B2 F2 L D2 L2 B2 R B2 R' D L2 U B' F' L2 R Fw Uw 
18.56,R' B' U' L2 F2 D R' U2 B D2 B2 D' B2 D F2 R2 F2 U' B2 U Uw' 
(DNF(0.05)),U' L2 B D2 R2 F2 U2 R2 F' R2 F L2 U F' L' F R D R2 D' B2 Rw' Uw2 
16.34,R2 F2 U L2 B2 L2 R2 U R2 U2 L2 R' F' R B' U' L D2 U F U2 Rw Uw2 
15.94,U2 F2 L2 F2 R D2 U2 L2 F2 L' D2 R2 F U' L D' F2 D U2 B' F' 
15.54,L U' R2 B2 R2 U' R2 U F2 D2 U2 F2 R2 L F U L R' F2 D2 Rw' 
14.71,F2 U F' R2 F2 U2 B L' F2 D F2 L2 F2 D F2 D R2 D' L2 B2 Rw 
(DNF(18.69)),L2 B F2 R' U2 L' R2 F2 D2 F2 U2 L' D R F' R2 F R2 B2 Fw 
17.41,L' B2 L' D2 B2 R D2 F2 L' R B U R2 F D2 R B' L D' Uw 
19.15,F' L' D R2 D' U2 L2 D F2 L2 R2 F2 L2 F U' B2 L' B' L2 R' D' Rw2 Uw' 
20.90,D B2 F2 U' F2 U L2 D' R2 F2 U F U L' B2 R' D' U' F' U Fw' 
(14.52),F2 U' B U2 R2 F2 R2 F' U2 B2 R2 F U2 D B R' B R' U2 B Fw Uw 
17.21,R L2 D2 B R2 F U2 F2 R2 F2 R2 D2 B' U' R' D R D2 L F' U2 Rw2 
18.04,L2 U R2 F2 D2 L2 U' L2 U' R2 D' U2 B' D2 U' R' U2 B2 L' U' L Rw 
16.73,B' L2 B2 R2 D2 L2 B' L2 B2 R2 F L' B2 F2 U' L D2 L B' D' U Fw' Uw' 
18.74,R2 B' L2 F D2 F2 L2 F' U2 L2 R2 F L D F U2 B D L2 R U Fw Uw2
